<?xml version="1.0" encoding="utf-8"?>
<BindInfo>
	<BindNode BINDTYPE="op" DISPLAY="bind_op icmp" ID="" IMPL="auto" LATENCY="0" OPTYPE="icmp" PRAGMA="" RTLNAME="exitcond65_fu_116_p2" SOURCE="" VARIABLE="exitcond65" MODULE="frankenstein2_Pipeline_1" LOOP="Loop 1" BUNDLEDNAME="" DSP="0" BRAM="0" URAM="0"/>
	<BindNode BINDTYPE="op" DISPLAY="bind_op add" ID="" IMPL="fabric" LATENCY="0" OPTYPE="add" PRAGMA="" RTLNAME="empty_28_fu_122_p2" SOURCE="" VARIABLE="empty_28" MODULE="frankenstein2_Pipeline_1" LOOP="Loop 1" BUNDLEDNAME="" DSP="0" BRAM="0" URAM="0"/>
	<BindNode BINDTYPE="op" DISPLAY="bind_op icmp" ID="" IMPL="auto" LATENCY="0" OPTYPE="icmp" PRAGMA="" RTLNAME="empty_32_fu_132_p2" SOURCE="" VARIABLE="empty_32" MODULE="frankenstein2_Pipeline_1" LOOP="Loop 1" BUNDLEDNAME="" DSP="0" BRAM="0" URAM="0"/>
	<BindNode BINDTYPE="op" DISPLAY="bind_op icmp" ID="" IMPL="auto" LATENCY="0" OPTYPE="icmp" PRAGMA="" RTLNAME="icmp_ln55_fu_68_p2" SOURCE="../frankenstein2_cmodel.cpp:55" VARIABLE="icmp_ln55" MODULE="frankenstein2_Pipeline_VITIS_LOOP_55_1" LOOP="VITIS_LOOP_55_1" BUNDLEDNAME="" DSP="0" BRAM="0" URAM="0"/>
	<BindNode BINDTYPE="op" DISPLAY="bind_op add" ID="" IMPL="fabric" LATENCY="0" OPTYPE="add" PRAGMA="" RTLNAME="add_ln55_fu_74_p2" SOURCE="../frankenstein2_cmodel.cpp:55" VARIABLE="add_ln55" MODULE="frankenstein2_Pipeline_VITIS_LOOP_55_1" LOOP="VITIS_LOOP_55_1" BUNDLEDNAME="" DSP="0" BRAM="0" URAM="0"/>
	<BindNode BINDTYPE="op" DISPLAY="bind_op add" ID="" IMPL="fabric" LATENCY="0" OPTYPE="add" PRAGMA="" RTLNAME="m00_axi_output_buffer_d0" SOURCE="../frankenstein2_cmodel.cpp:56" VARIABLE="add_ln56" MODULE="frankenstein2_Pipeline_VITIS_LOOP_55_1" LOOP="VITIS_LOOP_55_1" BUNDLEDNAME="" DSP="0" BRAM="0" URAM="0"/>
	<BindNode BINDTYPE="op" DISPLAY="bind_op icmp" ID="" IMPL="auto" LATENCY="0" OPTYPE="icmp" PRAGMA="" RTLNAME="exitcond3_fu_116_p2" SOURCE="" VARIABLE="exitcond3" MODULE="frankenstein2_Pipeline_3" LOOP="Loop 1" BUNDLEDNAME="" DSP="0" BRAM="0" URAM="0"/>
	<BindNode BINDTYPE="op" DISPLAY="bind_op add" ID="" IMPL="fabric" LATENCY="0" OPTYPE="add" PRAGMA="" RTLNAME="empty_24_fu_122_p2" SOURCE="" VARIABLE="empty_24" MODULE="frankenstein2_Pipeline_3" LOOP="Loop 1" BUNDLEDNAME="" DSP="0" BRAM="0" URAM="0"/>
	<BindNode BINDTYPE="op" DISPLAY="bind_op icmp" ID="" IMPL="auto" LATENCY="0" OPTYPE="icmp" PRAGMA="" RTLNAME="empty_27_fu_137_p2" SOURCE="" VARIABLE="empty_27" MODULE="frankenstein2_Pipeline_3" LOOP="Loop 1" BUNDLEDNAME="" DSP="0" BRAM="0" URAM="0"/>
	<BindNode BINDTYPE="op" DISPLAY="bind_op select" ID="" IMPL="auto_sel" LATENCY="0" OPTYPE="select" PRAGMA="" RTLNAME="empty_25_fu_184_p3" SOURCE="" VARIABLE="empty_25" MODULE="frankenstein2_Pipeline_3" LOOP="Loop 1" BUNDLEDNAME="" DSP="0" BRAM="0" URAM="0"/>
	<BindNode BINDTYPE="storage" DISPLAY="bind_storage ram_1p" ID="" IMPL="auto" LATENCY="1" OPTYPE="ram_1p" PRAGMA="" RTLNAME="m00_axi_input_buffer_U" SOURCE="../frankenstein2_cmodel.cpp:43" VARIABLE="m00_axi_input_buffer" MODULE="frankenstein2" LOOP="" BUNDLEDNAME="" DSP="0" BRAM="16" URAM="0"/>
	<BindNode BINDTYPE="storage" DISPLAY="bind_storage ram_1p" ID="" IMPL="auto" LATENCY="1" OPTYPE="ram_1p" PRAGMA="" RTLNAME="m00_axi_output_buffer_U" SOURCE="../frankenstein2_cmodel.cpp:44" VARIABLE="m00_axi_output_buffer" MODULE="frankenstein2" LOOP="" BUNDLEDNAME="" DSP="0" BRAM="16" URAM="0"/>
	<BindNode BINDTYPE="adapter" DISPLAY="bind_adapter axilite" ID="" IMPL="" LATENCY="" OPTYPE="" PRAGMA="yes" RTLNAME="control_s_axi_U" SOURCE="" VARIABLE="" MODULE="frankenstein2" LOOP="" BUNDLEDNAME="control" DSP="0" BRAM="0" URAM="0"/>
	<BindNode BINDTYPE="adapter" DISPLAY="bind_adapter axi_master" ID="" IMPL="" LATENCY="" OPTYPE="" PRAGMA="yes" RTLNAME="m00_axi_m_axi_U" SOURCE="" VARIABLE="" MODULE="frankenstein2" LOOP="" BUNDLEDNAME="m00_axi" DSP="0" BRAM="30" URAM="0"/>
</BindInfo>
