<stg><name>frankenstein2_Pipeline_1</name>


<trans_list>

<trans id="50" from="1" to="2">
<condition id="-1">
<or_exp><and_exp></and_exp></or_exp>
</condition>
</trans>

<trans id="53" from="2" to="3">
<condition id="-1">
<or_exp><and_exp></and_exp></or_exp>
</condition>
</trans>
</trans_list>



<state_list>

<state id="1" st_id="2">

<operation id="6" st_id="1" stage="1" lat="1">
<core>NULL</core>
<MemPortIdVec></MemPortIdVec>
<condition id="-1">
<or_exp><and_exp></and_exp></or_exp>
</condition>

<Node id="4" bw="480" op_0_bw="32">
<![CDATA[
newFuncRoot:0 %shiftreg9 = alloca i32 1

]]></Node>
<StgValue><ssdm name="shiftreg9"/></StgValue>
</operation>

<operation id="7" st_id="1" stage="1" lat="1">
<core>NULL</core>
<MemPortIdVec></MemPortIdVec>
<condition id="-1">
<or_exp><and_exp></and_exp></or_exp>
</condition>

<Node id="5" bw="13" op_0_bw="32">
<![CDATA[
newFuncRoot:1 %loop_index3 = alloca i32 1

]]></Node>
<StgValue><ssdm name="loop_index3"/></StgValue>
</operation>

<operation id="8" st_id="1" stage="1" lat="1">
<core>NULL</core>
<MemPortIdVec></MemPortIdVec>
<condition id="-1">
<or_exp><and_exp></and_exp></or_exp>
</condition>

<Node id="6" bw="58" op_0_bw="58" op_1_bw="58">
<![CDATA[
newFuncRoot:2 %sext_ln52_read = read i58 @_ssdm_op_Read.ap_auto.i58, i58 %sext_ln52

]]></Node>
<StgValue><ssdm name="sext_ln52_read"/></StgValue>
</operation>

<operation id="9" st_id="1" stage="1" lat="1">
<core>NULL</core>
<MemPortIdVec></MemPortIdVec>
<condition id="-1">
<or_exp><and_exp></and_exp></or_exp>
</condition>

<Node id="7" bw="64" op_0_bw="58">
<![CDATA[
newFuncRoot:3 %sext_ln52_cast = sext i58 %sext_ln52_read

]]></Node>
<StgValue><ssdm name="sext_ln52_cast"/></StgValue>
</operation>

<operation id="10" st_id="1" stage="1" lat="1">
<core>NULL</core>
<MemPortIdVec></MemPortIdVec>
<condition id="-1">
<or_exp><and_exp></and_exp></or_exp>
</condition>

<Node id="8" bw="0" op_0_bw="0" op_1_bw="512" op_2_bw="0" op_3_bw="32" op_4_bw="32" op_5_bw="0" op_6_bw="32" op_7_bw="32" op_8_bw="0" op_9_bw="0" op_10_bw="0" op_11_bw="32" op_12_bw="32" op_13_bw="32" op_14_bw="32" op_15_bw="0" op_16_bw="0">
<![CDATA[
newFuncRoot:4 %specinterface_ln0 = specinterface void @_ssdm_op_SpecInterface, i512 %m00_axi, void @empty_7, i32 0, i32 0, void @empty_14, i32 64, i32 0, void @empty, void @empty_0, void @empty_14, i32 16, i32 16, i32 16, i32 16, void @empty_14, void @empty_14

]]></Node>
<StgValue><ssdm name="specinterface_ln0"/></StgValue>
</operation>

<operation id="11" st_id="1" stage="1" lat="1">
<core>NULL</core>
<MemPortIdVec></MemPortIdVec>
<condition id="-1">
<or_exp><and_exp></and_exp></or_exp>
</condition>

<Node id="9" bw="0" op_0_bw="13" op_1_bw="13">
<![CDATA[
newFuncRoot:5 %store_ln0 = store i13 0, i13 %loop_index3

]]></Node>
<StgValue><ssdm name="store_ln0"/></StgValue>
</operation>

<operation id="12" st_id="1" stage="1" lat="1">
<core>NULL</core>
<MemPortIdVec></MemPortIdVec>
<condition id="-1">
<or_exp><and_exp></and_exp></or_exp>
</condition>

<Node id="10" bw="0" op_0_bw="480" op_1_bw="480">
<![CDATA[
newFuncRoot:6 %store_ln0 = store i480 0, i480 %shiftreg9

]]></Node>
<StgValue><ssdm name="store_ln0"/></StgValue>
</operation>

<operation id="13" st_id="1" stage="1" lat="1">
<core>NULL</core>
<MemPortIdVec></MemPortIdVec>
<condition id="-1">
<or_exp><and_exp></and_exp></or_exp>
</condition>

<Node id="11" bw="0" op_0_bw="0">
<![CDATA[
newFuncRoot:7 %br_ln0 = br void %load-store-loop2

]]></Node>
<StgValue><ssdm name="br_ln0"/></StgValue>
</operation>

<operation id="14" st_id="1" stage="1" lat="1">
<core>NULL</core>
<MemPortIdVec></MemPortIdVec>
<condition id="-1">
<or_exp><and_exp></and_exp></or_exp>
</condition>

<Node id="13" bw="13" op_0_bw="13" op_1_bw="0">
<![CDATA[
load-store-loop2:0 %loop_index3_load = load i13 %loop_index3

]]></Node>
<StgValue><ssdm name="loop_index3_load"/></StgValue>
</operation>

<operation id="15" st_id="1" stage="1" lat="1">
<core>Cmp</core>
<MemPortIdVec></MemPortIdVec>
<condition id="-1">
<or_exp><and_exp></and_exp></or_exp>
</condition>

<Node id="17" bw="1" op_0_bw="13" op_1_bw="13">
<![CDATA[
load-store-loop2:4 %exitcond65 = icmp_eq  i13 %loop_index3_load, i13 4096

]]></Node>
<StgValue><ssdm name="exitcond65"/></StgValue>
</operation>

<operation id="16" st_id="1" stage="1" lat="1">
<core>Adder</core>
<MemPortIdVec></MemPortIdVec>
<condition id="-1">
<or_exp><and_exp></and_exp></or_exp>
</condition>

<Node id="19" bw="13" op_0_bw="13" op_1_bw="13">
<![CDATA[
load-store-loop2:6 %empty_28 = add i13 %loop_index3_load, i13 1

]]></Node>
<StgValue><ssdm name="empty_28"/></StgValue>
</operation>

<operation id="17" st_id="1" stage="1" lat="1">
<core>NULL</core>
<MemPortIdVec></MemPortIdVec>
<condition id="-1">
<or_exp><and_exp></and_exp></or_exp>
</condition>

<Node id="20" bw="0" op_0_bw="1" op_1_bw="0" op_2_bw="0">
<![CDATA[
load-store-loop2:7 %br_ln0 = br i1 %exitcond65, void %load-store-loop2.split, void %memcpy-split1.preheader.exitStub

]]></Node>
<StgValue><ssdm name="br_ln0"/></StgValue>
</operation>

<operation id="18" st_id="1" stage="1" lat="1">
<core>NULL</core>
<MemPortIdVec></MemPortIdVec>
<condition id="-1">
<or_exp><and_exp><literal name="exitcond65" val="0"/>
</and_exp></or_exp>
</condition>

<Node id="25" bw="4" op_0_bw="13">
<![CDATA[
load-store-loop2.split:3 %empty_31 = trunc i13 %loop_index3_load

]]></Node>
<StgValue><ssdm name="empty_31"/></StgValue>
</operation>

<operation id="19" st_id="1" stage="1" lat="1">
<core>Cmp</core>
<MemPortIdVec></MemPortIdVec>
<condition id="-1">
<or_exp><and_exp><literal name="exitcond65" val="0"/>
</and_exp></or_exp>
</condition>

<Node id="26" bw="1" op_0_bw="4" op_1_bw="4">
<![CDATA[
load-store-loop2.split:4 %empty_32 = icmp_eq  i4 %empty_31, i4 0

]]></Node>
<StgValue><ssdm name="empty_32"/></StgValue>
</operation>

<operation id="20" st_id="1" stage="1" lat="1">
<core>NULL</core>
<MemPortIdVec></MemPortIdVec>
<condition id="-1">
<or_exp><and_exp><literal name="exitcond65" val="0"/>
</and_exp></or_exp>
</condition>

<Node id="37" bw="0" op_0_bw="13" op_1_bw="13" op_2_bw="0" op_3_bw="0">
<![CDATA[
load-store-loop2.split._crit_edge:5 %store_ln0 = store i13 %empty_28, i13 %loop_index3

]]></Node>
<StgValue><ssdm name="store_ln0"/></StgValue>
</operation>
</state>

<state id="2" st_id="3">

<operation id="21" st_id="2" stage="1" lat="1">
<core>NULL</core>
<MemPortIdVec></MemPortIdVec>
<condition id="-1">
<or_exp><and_exp></and_exp></or_exp>
</condition>

<Node id="14" bw="0" op_0_bw="0" op_1_bw="512">
<![CDATA[
load-store-loop2:1 %specbitsmap_ln0 = specbitsmap void @_ssdm_op_SpecBitsMap, i512 %m00_axi

]]></Node>
<StgValue><ssdm name="specbitsmap_ln0"/></StgValue>
</operation>

<operation id="22" st_id="2" stage="1" lat="1">
<core>NULL</core>
<MemPortIdVec></MemPortIdVec>
<condition id="-1">
<or_exp><and_exp></and_exp></or_exp>
</condition>

<Node id="15" bw="512" op_0_bw="512" op_1_bw="64">
<![CDATA[
load-store-loop2:2 %m00_axi_addr = getelementptr i512 %m00_axi, i64 %sext_ln52_cast

]]></Node>
<StgValue><ssdm name="m00_axi_addr"/></StgValue>
</operation>

<operation id="23" st_id="2" stage="1" lat="1">
<core>NULL</core>
<MemPortIdVec></MemPortIdVec>
<condition id="-1">
<or_exp><and_exp></and_exp></or_exp>
</condition>

<Node id="16" bw="0" op_0_bw="0" op_1_bw="32" op_2_bw="32" op_3_bw="32" op_4_bw="32" op_5_bw="0">
<![CDATA[
load-store-loop2:3 %specpipeline_ln0 = specpipeline void @_ssdm_op_SpecPipeline, i32 4294967295, i32 0, i32 1, i32 0, void @p_str

]]></Node>
<StgValue><ssdm name="specpipeline_ln0"/></StgValue>
</operation>

<operation id="24" st_id="2" stage="1" lat="1">
<core>NULL</core>
<MemPortIdVec></MemPortIdVec>
<condition id="-1">
<or_exp><and_exp></and_exp></or_exp>
</condition>

<Node id="18" bw="32" op_0_bw="32" op_1_bw="64" op_2_bw="64" op_3_bw="64">
<![CDATA[
load-store-loop2:5 %empty = speclooptripcount i32 @_ssdm_op_SpecLoopTripCount, i64 4096, i64 4096, i64 4096

]]></Node>
<StgValue><ssdm name="empty"/></StgValue>
</operation>

<operation id="25" st_id="2" stage="1" lat="1">
<core>m_axi</core>
<MemPortIdVec></MemPortIdVec>
<condition id="-1">
<or_exp><and_exp><literal name="exitcond65" val="0"/>
<literal name="empty_32" val="1"/>
</and_exp></or_exp>
</condition>

<Node id="29" bw="512" op_0_bw="512" op_1_bw="512">
<![CDATA[
:0 %m00_axi_addr_read = read i512 @_ssdm_op_Read.m_axi.p1i512, i512 %m00_axi_addr

]]></Node>
<StgValue><ssdm name="m00_axi_addr_read"/></StgValue>
</operation>

<operation id="38" st_id="2" stage="1" lat="1">
<core>NULL</core>
<MemPortIdVec></MemPortIdVec>
<condition id="-1">
<or_exp><and_exp><literal name="exitcond65" val="1"/>
</and_exp></or_exp>
</condition>

<Node id="41" bw="0">
<![CDATA[
memcpy-split1.preheader.exitStub:0 %ret_ln0 = ret

]]></Node>
<StgValue><ssdm name="ret_ln0"/></StgValue>
</operation>
</state>

<state id="3" st_id="4">

<operation id="26" st_id="3" stage="1" lat="1">
<core>NULL</core>
<MemPortIdVec></MemPortIdVec>
<condition id="-1">
<or_exp><and_exp><literal name="exitcond65" val="0"/>
</and_exp></or_exp>
</condition>

<Node id="22" bw="480" op_0_bw="480" op_1_bw="0">
<![CDATA[
load-store-loop2.split:0 %shiftreg9_load = load i480 %shiftreg9

]]></Node>
<StgValue><ssdm name="shiftreg9_load"/></StgValue>
</operation>

<operation id="27" st_id="3" stage="1" lat="1">
<core>NULL</core>
<MemPortIdVec></MemPortIdVec>
<condition id="-1">
<or_exp><and_exp><literal name="exitcond65" val="0"/>
</and_exp></or_exp>
</condition>

<Node id="23" bw="512" op_0_bw="480">
<![CDATA[
load-store-loop2.split:1 %shiftreg9_cast = zext i480 %shiftreg9_load

]]></Node>
<StgValue><ssdm name="shiftreg9_cast"/></StgValue>
</operation>

<operation id="28" st_id="3" stage="1" lat="1">
<core>NULL</core>
<MemPortIdVec></MemPortIdVec>
<condition id="-1">
<or_exp><and_exp><literal name="exitcond65" val="0"/>
</and_exp></or_exp>
</condition>

<Node id="24" bw="64" op_0_bw="13">
<![CDATA[
load-store-loop2.split:2 %loop_index3_cast2 = zext i13 %loop_index3_load

]]></Node>
<StgValue><ssdm name="loop_index3_cast2"/></StgValue>
</operation>

<operation id="29" st_id="3" stage="1" lat="1">
<core>NULL</core>
<MemPortIdVec></MemPortIdVec>
<condition id="-1">
<or_exp><and_exp><literal name="exitcond65" val="0"/>
</and_exp></or_exp>
</condition>

<Node id="27" bw="0" op_0_bw="1" op_1_bw="0" op_2_bw="0">
<![CDATA[
load-store-loop2.split:5 %br_ln0 = br i1 %empty_32, void %load-store-loop2.split._crit_edge, void

]]></Node>
<StgValue><ssdm name="br_ln0"/></StgValue>
</operation>

<operation id="30" st_id="3" stage="1" lat="1">
<core>NULL</core>
<MemPortIdVec></MemPortIdVec>
<condition id="-1">
<or_exp><and_exp><literal name="exitcond65" val="0"/>
<literal name="empty_32" val="1"/>
</and_exp></or_exp>
</condition>

<Node id="30" bw="0" op_0_bw="0">
<![CDATA[
:1 %br_ln0 = br void %load-store-loop2.split._crit_edge

]]></Node>
<StgValue><ssdm name="br_ln0"/></StgValue>
</operation>

<operation id="31" st_id="3" stage="1" lat="1">
<core>NULL</core>
<MemPortIdVec></MemPortIdVec>
<condition id="-1">
<or_exp><and_exp></and_exp></or_exp>
</condition>

<Node id="32" bw="512" op_0_bw="512" op_1_bw="0" op_2_bw="512" op_3_bw="0">
<![CDATA[
load-store-loop2.split._crit_edge:0 %empty_29 = phi i512 %m00_axi_addr_read, void, i512 %shiftreg9_cast, void %load-store-loop2.split

]]></Node>
<StgValue><ssdm name="empty_29"/></StgValue>
</operation>

<operation id="32" st_id="3" stage="1" lat="1">
<core>NULL</core>
<MemPortIdVec></MemPortIdVec>
<condition id="-1">
<or_exp><and_exp></and_exp></or_exp>
</condition>

<Node id="33" bw="32" op_0_bw="512">
<![CDATA[
load-store-loop2.split._crit_edge:1 %empty_30 = trunc i512 %empty_29

]]></Node>
<StgValue><ssdm name="empty_30"/></StgValue>
</operation>

<operation id="33" st_id="3" stage="1" lat="1">
<core>NULL</core>
<MemPortIdVec></MemPortIdVec>
<condition id="-1">
<or_exp><and_exp></and_exp></or_exp>
</condition>

<Node id="34" bw="480" op_0_bw="480" op_1_bw="512" op_2_bw="32" op_3_bw="32">
<![CDATA[
load-store-loop2.split._crit_edge:2 %p_cast1 = partselect i480 @_ssdm_op_PartSelect.i480.i512.i32.i32, i512 %empty_29, i32 32, i32 511

]]></Node>
<StgValue><ssdm name="p_cast1"/></StgValue>
</operation>

<operation id="34" st_id="3" stage="1" lat="1">
<core>NULL</core>
<MemPortIdVec></MemPortIdVec>
<condition id="-1">
<or_exp><and_exp></and_exp></or_exp>
</condition>

<Node id="35" bw="13" op_0_bw="32" op_1_bw="64" op_2_bw="64">
<![CDATA[
load-store-loop2.split._crit_edge:3 %m00_axi_input_buffer_addr = getelementptr i32 %m00_axi_input_buffer, i64 0, i64 %loop_index3_cast2

]]></Node>
<StgValue><ssdm name="m00_axi_input_buffer_addr"/></StgValue>
</operation>

<operation id="35" st_id="3" stage="1" lat="1">
<core>RAM</core>
<MemPortIdVec></MemPortIdVec>
<condition id="-1">
<or_exp><and_exp></and_exp></or_exp>
</condition>

<Node id="36" bw="0" op_0_bw="32" op_1_bw="13">
<![CDATA[
load-store-loop2.split._crit_edge:4 %store_ln52 = store i32 %empty_30, i13 %m00_axi_input_buffer_addr

]]></Node>
<StgValue><ssdm name="store_ln52"/></StgValue>
</operation>

<operation id="36" st_id="3" stage="1" lat="1">
<core>NULL</core>
<MemPortIdVec></MemPortIdVec>
<condition id="-1">
<or_exp><and_exp></and_exp></or_exp>
</condition>

<Node id="38" bw="0" op_0_bw="480" op_1_bw="480" op_2_bw="0" op_3_bw="0">
<![CDATA[
load-store-loop2.split._crit_edge:6 %store_ln52 = store i480 %p_cast1, i480 %shiftreg9

]]></Node>
<StgValue><ssdm name="store_ln52"/></StgValue>
</operation>

<operation id="37" st_id="3" stage="1" lat="1">
<core>NULL</core>
<MemPortIdVec></MemPortIdVec>
<condition id="-1">
<or_exp><and_exp></and_exp></or_exp>
</condition>

<Node id="39" bw="0" op_0_bw="0">
<![CDATA[
load-store-loop2.split._crit_edge:7 %br_ln0 = br void %load-store-loop2

]]></Node>
<StgValue><ssdm name="br_ln0"/></StgValue>
</operation>
</state>
</state_list>


<ports>
</ports>


<dataflows>
</dataflows>


</stg>
