<profile>

<section name = "Vitis HLS Report for 'frankenstein2'" level="0">
<item name = "Date">Sun May 29 11:35:08 2022
</item>
<item name = "Version">2021.2 (Build 3367213 on Tue Oct 19 02:47:39 MDT 2021)</item>
<item name = "Project">prj</item>
<item name = "Solution">sol (Vitis Kernel Flow Target)</item>
<item name = "Product family">virtexuplus</item>
<item name = "Target device">xcu250-figd2104-2L-e</item>
</section>

<section name = "Performance Estimates" level="0">
<item name = "Timing">
<section name = "" level="1">
<item name = "Summary"><table name="" hasTotal="0">
<keys size="4">Clock, Target, Estimated, Uncertainty</keys>
<column name="ap_clk">10.00 ns, 7.300 ns, 2.70 ns</column>
</table>
</item>
</section>
</item>
<item name = "Latency">
<section name = "" level="1">
<item name = "Summary"><table name="" hasTotal="0">
<keys size="8">, min, max, min, max, min, max, Type</keys>
<column name="">12440, 12440, 0.124 ms, 0.124 ms, 12441, 12441, no</column>
</table>
</item>
<item name = "Detail">
<section name = "" level="1">
<item name = "Instance"><table name="" hasTotal="0">
<keys size="9">Instance, Module, min, max, min, max, min, max, Type</keys>
<column name="grp_frankenstein2_Pipeline_1_fu_99">frankenstein2_Pipeline_1, 4099, 4099, 40.990 us, 40.990 us, 4099, 4099, no</column>
<column name="grp_frankenstein2_Pipeline_VITIS_LOOP_55_1_fu_107">frankenstein2_Pipeline_VITIS_LOOP_55_1, 4098, 4098, 40.980 us, 40.980 us, 4098, 4098, no</column>
<column name="grp_frankenstein2_Pipeline_3_fu_113">frankenstein2_Pipeline_3, 4099, 4099, 40.990 us, 40.990 us, 4099, 4099, no</column>
</table>
</item>
<item name = "Loop"><table name="" hasTotal="0">
<keys size="8">Loop Name, min, max, Latency, achieved, target, Count, Pipelined</keys>
</table>
</item>
</section>
</item>
</section>
</item>
</section>

<section name = "Utilization Estimates" level="0">
<item name = "Summary"><table name="" hasTotal="1">
<keys size="6">Name, BRAM_18K, DSP, FF, LUT, URAM</keys>
<column name="DSP">-, -, -, -, -</column>
<column name="Expression">-, -, -, -, -</column>
<column name="FIFO">-, -, -, -, -</column>
<column name="Instance">30, -, 3244, 2682, 0</column>
<column name="Memory">32, -, 0, 0, 0</column>
<column name="Multiplexer">-, -, -, 1148, -</column>
<column name="Register">-, -, 273, -, -</column>
<specialColumn name="Available SLR">1344, 3072, 864000, 432000, 320</specialColumn>
<specialColumn name="Utilization SLR (%)">4, 0, ~0, ~0, 0</specialColumn>
<specialColumn name="Available">5376, 12288, 3456000, 1728000, 1280</specialColumn>
<specialColumn name="Utilization (%)">1, 0, ~0, ~0, 0</specialColumn>
</table>
</item>
<item name = "Detail">
<section name = "" level="1">
<item name = "Instance"><table name="" hasTotal="1">
<keys size="7">Instance, Module, BRAM_18K, DSP, FF, LUT, URAM</keys>
<column name="control_s_axi_U">control_s_axi, 0, 0, 227, 362, 0</column>
<column name="grp_frankenstein2_Pipeline_1_fu_99">frankenstein2_Pipeline_1, 0, 0, 1040, 117, 0</column>
<column name="grp_frankenstein2_Pipeline_3_fu_113">frankenstein2_Pipeline_3, 0, 0, 533, 509, 0</column>
<column name="grp_frankenstein2_Pipeline_VITIS_LOOP_55_1_fu_107">frankenstein2_Pipeline_VITIS_LOOP_55_1, 0, 0, 29, 109, 0</column>
<column name="m00_axi_m_axi_U">m00_axi_m_axi, 30, 0, 1415, 1585, 0</column>
</table>
</item>
<item name = "DSP"><table name="" hasTotal="0">
<keys size="3">Instance, Module, Expression</keys>
</table>
</item>
<item name = "Memory"><table name="" hasTotal="1">
<keys size="10">Memory, Module, BRAM_18K, FF, LUT, URAM, Words, Bits, Banks, W*Bits*Banks</keys>
<column name="m00_axi_input_buffer_U">m00_axi_input_buffer_RAM_AUTO_1R1W, 16, 0, 0, 0, 8192, 32, 1, 262144</column>
<column name="m00_axi_output_buffer_U">m00_axi_input_buffer_RAM_AUTO_1R1W, 16, 0, 0, 0, 8192, 32, 1, 262144</column>
</table>
</item>
<item name = "FIFO"><table name="" hasTotal="1">
<keys size="8">Name, BRAM_18K, FF, LUT, URAM, Depth, Bits, Size:D*B</keys>
</table>
</item>
<item name = "Expression"><table name="" hasTotal="1">
<keys size="7">Variable Name, Operation, DSP, FF, LUT, Bitwidth P0, Bitwidth P1</keys>
</table>
</item>
<item name = "Multiplexer"><table name="" hasTotal="1">
<keys size="5">Name, LUT, Input Size, Bits, Total Bits</keys>
<column name="ap_NS_fsm">769, 146, 1, 146</column>
<column name="m00_axi_ARADDR">14, 3, 64, 192</column>
<column name="m00_axi_ARBURST">9, 2, 2, 4</column>
<column name="m00_axi_ARCACHE">9, 2, 4, 8</column>
<column name="m00_axi_ARID">9, 2, 1, 2</column>
<column name="m00_axi_ARLEN">14, 3, 32, 96</column>
<column name="m00_axi_ARLOCK">9, 2, 2, 4</column>
<column name="m00_axi_ARPROT">9, 2, 3, 6</column>
<column name="m00_axi_ARQOS">9, 2, 4, 8</column>
<column name="m00_axi_ARREGION">9, 2, 4, 8</column>
<column name="m00_axi_ARSIZE">9, 2, 3, 6</column>
<column name="m00_axi_ARUSER">9, 2, 1, 2</column>
<column name="m00_axi_ARVALID">14, 3, 1, 3</column>
<column name="m00_axi_AWADDR">14, 3, 64, 192</column>
<column name="m00_axi_AWBURST">9, 2, 2, 4</column>
<column name="m00_axi_AWCACHE">9, 2, 4, 8</column>
<column name="m00_axi_AWID">9, 2, 1, 2</column>
<column name="m00_axi_AWLEN">14, 3, 32, 96</column>
<column name="m00_axi_AWLOCK">9, 2, 2, 4</column>
<column name="m00_axi_AWPROT">9, 2, 3, 6</column>
<column name="m00_axi_AWQOS">9, 2, 4, 8</column>
<column name="m00_axi_AWREGION">9, 2, 4, 8</column>
<column name="m00_axi_AWSIZE">9, 2, 3, 6</column>
<column name="m00_axi_AWUSER">9, 2, 1, 2</column>
<column name="m00_axi_AWVALID">14, 3, 1, 3</column>
<column name="m00_axi_BREADY">14, 3, 1, 3</column>
<column name="m00_axi_RREADY">9, 2, 1, 2</column>
<column name="m00_axi_WVALID">9, 2, 1, 2</column>
<column name="m00_axi_blk_n_AR">9, 2, 1, 2</column>
<column name="m00_axi_blk_n_AW">9, 2, 1, 2</column>
<column name="m00_axi_blk_n_B">9, 2, 1, 2</column>
<column name="m00_axi_input_buffer_address0">14, 3, 13, 39</column>
<column name="m00_axi_input_buffer_ce0">14, 3, 1, 3</column>
<column name="m00_axi_input_buffer_we0">9, 2, 1, 2</column>
<column name="m00_axi_output_buffer_address0">14, 3, 13, 39</column>
<column name="m00_axi_output_buffer_ce0">14, 3, 1, 3</column>
<column name="m00_axi_output_buffer_we0">9, 2, 1, 2</column>
</table>
</item>
<item name = "Register"><table name="" hasTotal="1">
<keys size="5">Name, FF, LUT, Bits, Const Bits</keys>
<column name="ap_CS_fsm">145, 0, 145, 0</column>
<column name="ap_rst_n_inv">1, 0, 1, 0</column>
<column name="ap_rst_reg_1">1, 0, 1, 0</column>
<column name="ap_rst_reg_2">1, 0, 1, 0</column>
<column name="grp_frankenstein2_Pipeline_1_fu_99_ap_start_reg">1, 0, 1, 0</column>
<column name="grp_frankenstein2_Pipeline_3_fu_113_ap_start_reg">1, 0, 1, 0</column>
<column name="grp_frankenstein2_Pipeline_VITIS_LOOP_55_1_fu_107_ap_start_reg">1, 0, 1, 0</column>
<column name="m00_axi_addr_reg_148">64, 0, 64, 0</column>
<column name="trunc_ln_reg_141">58, 0, 58, 0</column>
</table>
</item>
</section>
</item>
</section>

<section name = "Interface" level="0">
<item name = "Summary"><table name="" hasTotal="0">
<keys size="6">RTL Ports, Dir, Bits, Protocol, Source Object, C Type</keys>
<column name="s_axi_control_AWVALID">in, 1, s_axi, control, scalar</column>
<column name="s_axi_control_AWREADY">out, 1, s_axi, control, scalar</column>
<column name="s_axi_control_AWADDR">in, 6, s_axi, control, scalar</column>
<column name="s_axi_control_WVALID">in, 1, s_axi, control, scalar</column>
<column name="s_axi_control_WREADY">out, 1, s_axi, control, scalar</column>
<column name="s_axi_control_WDATA">in, 32, s_axi, control, scalar</column>
<column name="s_axi_control_WSTRB">in, 4, s_axi, control, scalar</column>
<column name="s_axi_control_ARVALID">in, 1, s_axi, control, scalar</column>
<column name="s_axi_control_ARREADY">out, 1, s_axi, control, scalar</column>
<column name="s_axi_control_ARADDR">in, 6, s_axi, control, scalar</column>
<column name="s_axi_control_RVALID">out, 1, s_axi, control, scalar</column>
<column name="s_axi_control_RREADY">in, 1, s_axi, control, scalar</column>
<column name="s_axi_control_RDATA">out, 32, s_axi, control, scalar</column>
<column name="s_axi_control_RRESP">out, 2, s_axi, control, scalar</column>
<column name="s_axi_control_BVALID">out, 1, s_axi, control, scalar</column>
<column name="s_axi_control_BREADY">in, 1, s_axi, control, scalar</column>
<column name="s_axi_control_BRESP">out, 2, s_axi, control, scalar</column>
<column name="ap_local_block">out, 1, ap_ctrl_hs, frankenstein2, return value</column>
<column name="ap_clk">in, 1, ap_ctrl_hs, frankenstein2, return value</column>
<column name="ap_rst_n">in, 1, ap_ctrl_hs, frankenstein2, return value</column>
<column name="interrupt">out, 1, ap_ctrl_hs, frankenstein2, return value</column>
<column name="m_axi_m00_axi_AWVALID">out, 1, m_axi, m00_axi, pointer</column>
<column name="m_axi_m00_axi_AWREADY">in, 1, m_axi, m00_axi, pointer</column>
<column name="m_axi_m00_axi_AWADDR">out, 64, m_axi, m00_axi, pointer</column>
<column name="m_axi_m00_axi_AWID">out, 1, m_axi, m00_axi, pointer</column>
<column name="m_axi_m00_axi_AWLEN">out, 8, m_axi, m00_axi, pointer</column>
<column name="m_axi_m00_axi_AWSIZE">out, 3, m_axi, m00_axi, pointer</column>
<column name="m_axi_m00_axi_AWBURST">out, 2, m_axi, m00_axi, pointer</column>
<column name="m_axi_m00_axi_AWLOCK">out, 2, m_axi, m00_axi, pointer</column>
<column name="m_axi_m00_axi_AWCACHE">out, 4, m_axi, m00_axi, pointer</column>
<column name="m_axi_m00_axi_AWPROT">out, 3, m_axi, m00_axi, pointer</column>
<column name="m_axi_m00_axi_AWQOS">out, 4, m_axi, m00_axi, pointer</column>
<column name="m_axi_m00_axi_AWREGION">out, 4, m_axi, m00_axi, pointer</column>
<column name="m_axi_m00_axi_AWUSER">out, 1, m_axi, m00_axi, pointer</column>
<column name="m_axi_m00_axi_WVALID">out, 1, m_axi, m00_axi, pointer</column>
<column name="m_axi_m00_axi_WREADY">in, 1, m_axi, m00_axi, pointer</column>
<column name="m_axi_m00_axi_WDATA">out, 512, m_axi, m00_axi, pointer</column>
<column name="m_axi_m00_axi_WSTRB">out, 64, m_axi, m00_axi, pointer</column>
<column name="m_axi_m00_axi_WLAST">out, 1, m_axi, m00_axi, pointer</column>
<column name="m_axi_m00_axi_WID">out, 1, m_axi, m00_axi, pointer</column>
<column name="m_axi_m00_axi_WUSER">out, 1, m_axi, m00_axi, pointer</column>
<column name="m_axi_m00_axi_ARVALID">out, 1, m_axi, m00_axi, pointer</column>
<column name="m_axi_m00_axi_ARREADY">in, 1, m_axi, m00_axi, pointer</column>
<column name="m_axi_m00_axi_ARADDR">out, 64, m_axi, m00_axi, pointer</column>
<column name="m_axi_m00_axi_ARID">out, 1, m_axi, m00_axi, pointer</column>
<column name="m_axi_m00_axi_ARLEN">out, 8, m_axi, m00_axi, pointer</column>
<column name="m_axi_m00_axi_ARSIZE">out, 3, m_axi, m00_axi, pointer</column>
<column name="m_axi_m00_axi_ARBURST">out, 2, m_axi, m00_axi, pointer</column>
<column name="m_axi_m00_axi_ARLOCK">out, 2, m_axi, m00_axi, pointer</column>
<column name="m_axi_m00_axi_ARCACHE">out, 4, m_axi, m00_axi, pointer</column>
<column name="m_axi_m00_axi_ARPROT">out, 3, m_axi, m00_axi, pointer</column>
<column name="m_axi_m00_axi_ARQOS">out, 4, m_axi, m00_axi, pointer</column>
<column name="m_axi_m00_axi_ARREGION">out, 4, m_axi, m00_axi, pointer</column>
<column name="m_axi_m00_axi_ARUSER">out, 1, m_axi, m00_axi, pointer</column>
<column name="m_axi_m00_axi_RVALID">in, 1, m_axi, m00_axi, pointer</column>
<column name="m_axi_m00_axi_RREADY">out, 1, m_axi, m00_axi, pointer</column>
<column name="m_axi_m00_axi_RDATA">in, 512, m_axi, m00_axi, pointer</column>
<column name="m_axi_m00_axi_RLAST">in, 1, m_axi, m00_axi, pointer</column>
<column name="m_axi_m00_axi_RID">in, 1, m_axi, m00_axi, pointer</column>
<column name="m_axi_m00_axi_RUSER">in, 1, m_axi, m00_axi, pointer</column>
<column name="m_axi_m00_axi_RRESP">in, 2, m_axi, m00_axi, pointer</column>
<column name="m_axi_m00_axi_BVALID">in, 1, m_axi, m00_axi, pointer</column>
<column name="m_axi_m00_axi_BREADY">out, 1, m_axi, m00_axi, pointer</column>
<column name="m_axi_m00_axi_BRESP">in, 2, m_axi, m00_axi, pointer</column>
<column name="m_axi_m00_axi_BID">in, 1, m_axi, m00_axi, pointer</column>
<column name="m_axi_m00_axi_BUSER">in, 1, m_axi, m00_axi, pointer</column>
</table>
</item>
</section>
</profile>
