<profile>

<section name = "Vitis HLS Report for 'frankenstein2_Pipeline_VITIS_LOOP_55_1'" level="0">
<item name = "Date">Sun May 29 11:35:08 2022
</item>
<item name = "Version">2021.2 (Build 3367213 on Tue Oct 19 02:47:39 MDT 2021)</item>
<item name = "Project">prj</item>
<item name = "Solution">sol (Vitis Kernel Flow Target)</item>
<item name = "Product family">virtexuplus</item>
<item name = "Target device">xcu250-figd2104-2L-e</item>
</section>

<section name = "Performance Estimates" level="0">
<item name = "Timing">
<section name = "" level="1">
<item name = "Summary"><table name="" hasTotal="0">
<keys size="4">Clock, Target, Estimated, Uncertainty</keys>
<column name="ap_clk">10.00 ns, 3.376 ns, 2.70 ns</column>
</table>
</item>
</section>
</item>
<item name = "Latency">
<section name = "" level="1">
<item name = "Summary"><table name="" hasTotal="0">
<keys size="8">, min, max, min, max, min, max, Type</keys>
<column name="">4098, 4098, 40.980 us, 40.980 us, 4098, 4098, no</column>
</table>
</item>
<item name = "Detail">
<section name = "" level="1">
<item name = "Instance"><table name="" hasTotal="0">
<keys size="9">Instance, Module, min, max, min, max, min, max, Type</keys>
</table>
</item>
<item name = "Loop"><table name="" hasTotal="0">
<keys size="8">Loop Name, min, max, Latency, achieved, target, Count, Pipelined</keys>
<column name="- VITIS_LOOP_55_1">4096, 4096, 2, 1, 1, 4096, yes</column>
</table>
</item>
</section>
</item>
</section>
</item>
</section>

<section name = "Utilization Estimates" level="0">
<item name = "Summary"><table name="" hasTotal="1">
<keys size="6">Name, BRAM_18K, DSP, FF, LUT, URAM</keys>
<column name="DSP">-, -, -, -, -</column>
<column name="Expression">-, -, 0, 73, -</column>
<column name="FIFO">-, -, -, -, -</column>
<column name="Instance">-, -, -, -, -</column>
<column name="Memory">-, -, -, -, -</column>
<column name="Multiplexer">-, -, -, 36, -</column>
<column name="Register">-, -, 29, -, -</column>
<specialColumn name="Available SLR">1344, 3072, 864000, 432000, 320</specialColumn>
<specialColumn name="Utilization SLR (%)">0, 0, ~0, ~0, 0</specialColumn>
<specialColumn name="Available">5376, 12288, 3456000, 1728000, 1280</specialColumn>
<specialColumn name="Utilization (%)">0, 0, ~0, ~0, 0</specialColumn>
</table>
</item>
<item name = "Detail">
<section name = "" level="1">
<item name = "Instance"><table name="" hasTotal="1">
<keys size="7">Instance, Module, BRAM_18K, DSP, FF, LUT, URAM</keys>
</table>
</item>
<item name = "DSP"><table name="" hasTotal="0">
<keys size="3">Instance, Module, Expression</keys>
</table>
</item>
<item name = "Memory"><table name="" hasTotal="1">
<keys size="10">Memory, Module, BRAM_18K, FF, LUT, URAM, Words, Bits, Banks, W*Bits*Banks</keys>
</table>
</item>
<item name = "FIFO"><table name="" hasTotal="1">
<keys size="8">Name, BRAM_18K, FF, LUT, URAM, Depth, Bits, Size:D*B</keys>
</table>
</item>
<item name = "Expression"><table name="" hasTotal="1">
<keys size="7">Variable Name, Operation, DSP, FF, LUT, Bitwidth P0, Bitwidth P1</keys>
<column name="add_ln55_fu_74_p2">+, 0, 0, 20, 13, 1</column>
<column name="m00_axi_output_buffer_d0">+, 0, 0, 39, 32, 1</column>
<column name="icmp_ln55_fu_68_p2">icmp, 0, 0, 12, 13, 14</column>
<column name="ap_enable_pp0">xor, 0, 0, 2, 1, 2</column>
</table>
</item>
<item name = "Multiplexer"><table name="" hasTotal="1">
<keys size="5">Name, LUT, Input Size, Bits, Total Bits</keys>
<column name="ap_done_int">9, 2, 1, 2</column>
<column name="ap_enable_reg_pp0_iter1">9, 2, 1, 2</column>
<column name="ap_sig_allocacmp_i_1">9, 2, 13, 26</column>
<column name="i_fu_30">9, 2, 13, 26</column>
</table>
</item>
<item name = "Register"><table name="" hasTotal="1">
<keys size="5">Name, FF, LUT, Bits, Const Bits</keys>
<column name="ap_CS_fsm">1, 0, 1, 0</column>
<column name="ap_done_reg">1, 0, 1, 0</column>
<column name="ap_enable_reg_pp0_iter1">1, 0, 1, 0</column>
<column name="i_cast_reg_107">13, 0, 64, 51</column>
<column name="i_fu_30">13, 0, 13, 0</column>
</table>
</item>
</section>
</item>
</section>

<section name = "Interface" level="0">
<item name = "Summary"><table name="" hasTotal="0">
<keys size="6">RTL Ports, Dir, Bits, Protocol, Source Object, C Type</keys>
<column name="ap_clk">in, 1, ap_ctrl_hs, frankenstein2_Pipeline_VITIS_LOOP_55_1, return value</column>
<column name="ap_rst">in, 1, ap_ctrl_hs, frankenstein2_Pipeline_VITIS_LOOP_55_1, return value</column>
<column name="ap_start">in, 1, ap_ctrl_hs, frankenstein2_Pipeline_VITIS_LOOP_55_1, return value</column>
<column name="ap_done">out, 1, ap_ctrl_hs, frankenstein2_Pipeline_VITIS_LOOP_55_1, return value</column>
<column name="ap_idle">out, 1, ap_ctrl_hs, frankenstein2_Pipeline_VITIS_LOOP_55_1, return value</column>
<column name="ap_ready">out, 1, ap_ctrl_hs, frankenstein2_Pipeline_VITIS_LOOP_55_1, return value</column>
<column name="m00_axi_input_buffer_address0">out, 13, ap_memory, m00_axi_input_buffer, array</column>
<column name="m00_axi_input_buffer_ce0">out, 1, ap_memory, m00_axi_input_buffer, array</column>
<column name="m00_axi_input_buffer_q0">in, 32, ap_memory, m00_axi_input_buffer, array</column>
<column name="m00_axi_output_buffer_address0">out, 13, ap_memory, m00_axi_output_buffer, array</column>
<column name="m00_axi_output_buffer_ce0">out, 1, ap_memory, m00_axi_output_buffer, array</column>
<column name="m00_axi_output_buffer_we0">out, 1, ap_memory, m00_axi_output_buffer, array</column>
<column name="m00_axi_output_buffer_d0">out, 32, ap_memory, m00_axi_output_buffer, array</column>
</table>
</item>
</section>
</profile>
