<stg><name>frankenstein2_Pipeline_1</name>


<trans_list>

<trans id="50" from="1" to="2">
<condition id="-1">
<or_exp><and_exp></and_exp></or_exp>
</condition>
</trans>

<trans id="53" from="2" to="3">
<condition id="-1">
<or_exp><and_exp></and_exp></or_exp>
</condition>
</trans>
</trans_list>



<state_list>

<state id="1" st_id="2">

<operation id="6" st_id="1" stage="1" lat="1">
<core>NULL</core>
<MemPortIdVec></MemPortIdVec>
<condition id="-1">
<or_exp><and_exp></and_exp></or_exp>
</condition>

<Node id="4" bw="480" op_0_bw="32">
<![CDATA[
newFuncRoot:0 %shiftreg9 = alloca i32 1

]]></Node>
<StgValue><ssdm name="shiftreg9"/></StgValue>
</operation>

<operation id="7" st_id="1" stage="1" lat="1">
<core>NULL</core>
<MemPortIdVec></MemPortIdVec>
<condition id="-1">
<or_exp><and_exp></and_exp></or_exp>
</condition>

<Node id="5" bw="13" op_0_bw="32">
<![CDATA[
newFuncRoot:1 %loop_index3 = alloca i32 1

]]></Node>
<StgValue><ssdm name="loop_index3"/></StgValue>
</operation>

<operation id="8" st_id="1" stage="1" lat="1">
<core>NULL</core>
<MemPortIdVec></MemPortIdVec>
<condition id="-1">
<or_exp><and_exp></and_exp></or_exp>
</condition>

<Node id="6" bw="58" op_0_bw="58" op_1_bw="58">
<![CDATA[
newFuncRoot:2 %sext_ln52_read = read i58 @_ssdm_op_Read.ap_auto.i58, i58 %sext_ln52

]]></Node>
<StgValue><ssdm name="sext_ln52_read"/></StgValue>
</operation>

<operation id="9" st_id="1" stage="1" lat="1">
<core>NULL</core>
<MemPortIdVec></MemPortIdVec>
<condition id="-1">
<or_exp><and_exp></and_exp></or_exp>
</condition>

<Node id="7" bw="64" op_0_bw="58">
<![CDATA[
newFuncRoot:3 %sext_ln52_cast = sext i58 %sext_ln52_read

]]></Node>
<StgValue><ssdm name="sext_ln52_cast"/></StgValue>
</operation>

<operation id="10" st_id="1" stage="1" lat="1">
<core>NULL</core>
<MemPortIdVec></MemPortIdVec>
<condition id="-1">
<or_exp><and_exp></and_exp></or_exp>
</condition>

<Node id="8" bw="0" op_0_bw="0" op_1_bw="512" op_2_bw="0" op_3_bw="32" op_4_bw="32" op_5_bw="0" op_6_bw="32" op_7_bw="32" op_8_bw="0" op_9_bw="0" op_10_bw="0" op_11_bw="32" op_12_bw="32" op_13_bw="32" op_14_bw="32" op_15_bw="0" op_16_bw="0">
<![CDATA[
newFuncRoot:4 %specinterface_ln0 = specinterface void @_ssdm_op_SpecInterface, i512 %m00_axi, void @empty_7, i32 0, i32 0, void @empty_14, i32 64, i32 0, void @empty, void @empty_0, void @empty_14, i32 16, i32 16, i32 16, i32 16, void @empty_14, void @empty_14

]]></Node>
<StgValue><ssdm name="specinterface_ln0"/></StgValue>
</operation>

<operation id="11" st_id="1" stage="1" lat="1">
<core>NULL</core>
<MemPortIdVec></MemPortIdVec>
<condition id="-1">
<or_exp><and_exp></and_exp></or_exp>
</condition>

<Node id="9" bw="0" op_0_bw="13" op_1_bw="13">
<![CDATA[
newFuncRoot:5 %store_ln0 = store i13 0, i13 %loop_index3

]]></Node>
<StgValue><ssdm name="store_ln0"/></StgValue>
</operation>

<operation id="12" st_id="1" stage="1" lat="1">
<core>NULL</core>
<MemPortIdVec></MemPortIdVec>
<condition id="-1">
<or_exp><and_exp></and_exp></or_exp>
</condition>

<Node id="10" bw="0" op_0_bw="480" op_1_bw="480">
<![CDATA[
newFuncRoot:6 %store_ln0 = store i480 0, i480 %shiftreg9

]]></Node>
<StgValue><ssdm name="store_ln0"/></StgValue>
</operation>

<operation id="13" st_id="1" stage="1" lat="1">
<core>NULL</core>
<MemPortIdVec></MemPortIdVec>
<condition id="-1">
<or_exp><and_exp></and_exp></or_exp>
</condition>

<Node id="11" bw="0" op_0_bw="0">
<![CDATA[
newFuncRoot:7 %br_ln0 = br void %load-store-loop2

]]></Node>
<StgValue><ssdm name="br_ln0"/></StgValue>
</operation>

<operation id="14" st_id="1" stage="1" lat="1">
<core>NULL</core>
<MemPortIdVec></MemPortIdVec>
<condition id="-1">
<or_exp><and_exp></and_exp></or_exp>
</condition>

<Node id="13" bw="13" op_0_bw="13" op_1_bw="0">
<![CDATA[
load-store-loop2:0 %loop_index3_load = load i13 %loop_index3

]]></Node>
<StgValue><ssdm name="loop_index3_load"/></StgValue>
</operation>

<operation id="15" st_id="1" stage="1" lat="1">
<core>Cmp</core>
<MemPortIdVec></MemPortIdVec>
<condition id="-1">
<or_exp><and_exp></and_exp></or_exp>
</condition>

<Node id="17" bw="1" op_0_bw="13" op_1_bw="13">
<![CDATA[
load-store-loop2:4 %exitcond65 = icmp_eq  i13 %loop_index3_load, i13 4096

]]></Node>
<StgValue><ssdm name="exitcond65"/></StgValue>
</operation>

<operation id="16" st_id="1" stage="1" lat="1">
<core>Adder</core>
<MemPortIdVec></MemPortIdVec>
<condition id="-1">
<or_exp><and_exp></and_exp></or_exp>
</condition>

<Node id="19" bw="13" op_0_bw="13" op_1_bw="13">
<![CDATA[
load-store-loop2:6 %empty_28 = add i13 %loop_index3_load, i13 1

]]></Node>
<StgValue><ssdm name="empty_28"/></StgValue>
</operation>

<operation id="17" st_id="1" stage="1" lat="1">
<core>NULL</core>
<MemPortIdVec></MemPortIdVec>
<condition id="-1">
<or_exp><and_exp></and_exp></or_exp>
</condition>

<Node id="20" bw="0" op_0_bw="1" op_1_bw="0" op_2_bw="0">
<![CDATA[
load-store-loop2:7 %br_ln0 = br i1 %exitcond65, void %load-store-loop2.split, void %memcpy-split1.preheader.exitStub

]]></Node>
<StgValue><ssdm name="br_ln0"/></StgValue>
</operation>

<operation id="18" st_id="1" stage="1" lat="1">
<core>NULL</core>
<MemPortIdVec></MemPortIdVec>
<condition id="-1">
<or_exp><and_exp><literal name="exitcond65" val="0"/>
</and_exp></or_exp>
</condition>

<Node id="25" bw="4" op_0_bw="13">
<![CDATA[
load-store-loop2.split:3 %empty_31 = trunc i13 %loop_index3_load

]]></Node>
<StgValue><ssdm name="empty_31"/></StgValue>
</operation>

<operation id="19" st_id="1" stage="1" lat="1">
<core>Cmp</core>
<MemPortIdVec></MemPortIdVec>
<condition id="-1">
<or_exp><and_exp><literal name="exitcond65" val="0"/>
</and_exp></or_exp>
</condition>

<Node id="26" bw="1" op_0_bw="4" op_1_bw="4">
<![CDATA[
load-store-loop2.split:4 %empty_32 = icmp_eq  i4 %empty_31, i4 0

]]></Node>
<StgValue><ssdm name="empty_32"/></StgValue>
</operation>

<operation id="20" st_id="1" stage="1" lat="1">
<core>NULL</core>
<MemPortIdVec></MemPortIdVec>
<condition id="-1">
<or_exp><and_exp><literal name="exitcond65" val="0"/>
</and_exp></or_exp>
</condition>

<Node id="37" bw="0" op_0_bw="13" op_1_bw="13" op_2_bw="0" op_3_bw="0">
<![CDATA[
load-store-loop2.split._crit_edge:5 %store_ln0 = store i13 %empty_28, i13 %loop_index3

]]></Node>
<StgValue><ssdm name="store_ln0"/></StgValue>
</operation>
</state>

<state id="2" st_id="3">

<operation id="21" st_id="2" stage="1" lat="1">
<core>NULL</core>
<MemPortIdVec></MemPortIdVec>
<condition id="-1">
<or_exp><and_exp></and_exp></or_exp>
</condition>

<Node id="14" bw="0" op_0_bw="0" op_1_bw="512">
<![CDATA[
load-store-loop2:1 %specbitsmap_ln0 = specbitsmap void @_ssdm_op_SpecBitsMap, i512 %m00_axi

]]></Node>
<StgValue><ssdm name="specbitsmap_ln0"/></StgValue>
</operation>

<operation id="22" st_id="2" stage="1" lat="1">
<core>NULL</core>
<MemPortIdVec></MemPortIdVec>
<condition id="-1">
<or_exp><and_exp></and_exp></or_exp>
</condition>

<Node id="15" bw="64" op_0_bw="64" op_1_bw="64">
<![CDATA[
load-store-loop2:2 %m00_axi_addr = getelementptr i512 %m00_axi, i64 %sext_ln52_cast

]]></Node>
<StgValue><ssdm name="m00_axi_addr"/></StgValue>
</operation>

<operation id="23" st_id="2" stage="1" lat="1">
<core>NULL</core>
<MemPortIdVec></MemPortIdVec>
<condition id="-1">
<or_exp><and_exp></and_exp></or_exp>
</condition>

<Node id="16" bw="0" op_0_bw="0" op_1_bw="32" op_2_bw="32" op_3_bw="32" op_4_bw="32" op_5_bw="0">
<![CDATA[
load-store-loop2:3 %specpipeline_ln0 = specpipeline void @_ssdm_op_SpecPipeline, i32 4294967295, i32 0, i32 1, i32 0, void @p_str

]]></Node>
<StgValue><ssdm name="specpipeline_ln0"/></StgValue>
</operation>

<operation id="24" st_id="2" stage="1" lat="1">
<core>NULL</core>
<MemPortIdVec></MemPortIdVec>
<condition id="-1">
<or_exp><and_exp></and_exp></or_exp>
</condition>

<Node id="18" bw="32" op_0_bw="32" op_1_bw="64" op_2_bw="64" op_3_bw="64">
<![CDATA[
load-store-loop2:5 %empty = speclooptripcount i32 @_ssdm_op_SpecLoopTripCount, i64 4096, i64 4096, i64 4096

]]></Node>
<StgValue><ssdm name="empty"/></StgValue>
</operation>

<operation id="25" st_id="2" stage="1" lat="1">
<core>m_axi</core>
<MemPortIdVec></MemPortIdVec>
<condition id="-1">
<or_exp><and_exp><literal name="exitcond65" val="0"/>
<literal name="empty_32" val="1"/>
</and_exp></or_exp>
</condition>

<Node id="29" bw="512" op_0_bw="512" op_1_bw="512">
<![CDATA[
:0 %m00_axi_addr_read = read i512 @_ssdm_op_Read.m_axi.p1i512, i64 %m00_axi_addr

]]></Node>
<StgValue><ssdm name="m00_axi_addr_read"/></StgValue>
</operation>

<operation id="38" st_id="2" stage="1" lat="1">
<core>NULL</core>
<MemPortIdVec></MemPortIdVec>
<condition id="-1">
<or_exp><and_exp><literal name="exitcond65" val="1"/>
</and_exp></or_exp>
</condition>

<Node id="41" bw="0">
<![CDATA[
memcpy-split1.preheader.exitStub:0 %ret_ln0 = ret

]]></Node>
<StgValue><ssdm name="ret_ln0"/></StgValue>
</operation>
</state>

<state id="3" st_id="4">

<operation id="26" st_id="3" stage="1" lat="1">
<core>NULL</core>
<MemPortIdVec></MemPortIdVec>
<condition id="-1">
<or_exp><and_exp><literal name="exitcond65" val="0"/>
</and_exp></or_exp>
</condition>

<Node id="22" bw="480" op_0_bw="480" op_1_bw="0">
<![CDATA[
load-store-loop2.split:0 %shiftreg9_load = load i480 %shiftreg9

]]></Node>
<StgValue><ssdm name="shiftreg9_load"/></StgValue>
</operation>

<operation id="27" st_id="3" stage="1" lat="1">
<core>NULL</core>
<MemPortIdVec></MemPortIdVec>
<condition id="-1">
<or_exp><and_exp><literal name="exitcond65" val="0"/>
</and_exp></or_exp>
</condition>

<Node id="23" bw="512" op_0_bw="480">
<![CDATA[
load-store-loop2.split:1 %shiftreg9_cast = zext i480 %shiftreg9_load

]]></Node>
<StgValue><ssdm name="shiftreg9_cast"/></StgValue>
</operation>

<operation id="28" st_id="3" stage="1" lat="1">
<core>NULL</core>
<MemPortIdVec></MemPortIdVec>
<condition id="-1">
<or_exp><and_exp><literal name="exitcond65" val="0"/>
</and_exp></or_exp>
</condition>

<Node id="24" bw="64" op_0_bw="13">
<![CDATA[
load-store-loop2.split:2 %loop_index3_cast2 = zext i13 %loop_index3_load

]]></Node>
<StgValue><ssdm name="loop_index3_cast2"/></StgValue>
</operation>

<operation id="29" st_id="3" stage="1" lat="1">
<core>NULL</core>
<MemPortIdVec></MemPortIdVec>
<condition id="-1">
<or_exp><and_exp><literal name="exitcond65" val="0"/>
</and_exp></or_exp>
</condition>

<Node id="27" bw="0" op_0_bw="1" op_1_bw="0" op_2_bw="0">
<![CDATA[
load-store-loop2.split:5 %br_ln0 = br i1 %empty_32, void %load-store-loop2.split._crit_edge, void

]]></Node>
<StgValue><ssdm name="br_ln0"/></StgValue>
</operation>

<operation id="30" st_id="3" stage="1" lat="1">
<core>NULL</core>
<MemPortIdVec></MemPortIdVec>
<condition id="-1">
<or_exp><and_exp><literal name="exitcond65" val="0"/>
<literal name="empty_32" val="1"/>
</and_exp></or_exp>
</condition>

<Node id="30" bw="0" op_0_bw="0">
<![CDATA[
:1 %br_ln0 = br void %load-store-loop2.split._crit_edge

]]></Node>
<StgValue><ssdm name="br_ln0"/></StgValue>
</operation>

<operation id="31" st_id="3" stage="1" lat="1">
<core>NULL</core>
<MemPortIdVec></MemPortIdVec>
<condition id="-1">
<or_exp><and_exp></and_exp></or_exp>
</condition>

<Node id="32" bw="512" op_0_bw="512" op_1_bw="0" op_2_bw="512" op_3_bw="0">
<![CDATA[
load-store-loop2.split._crit_edge:0 %empty_29 = phi i512 %m00_axi_addr_read, void, i512 %shiftreg9_cast, void %load-store-loop2.split

]]></Node>
<StgValue><ssdm name="empty_29"/></StgValue>
</operation>

<operation id="32" st_id="3" stage="1" lat="1">
<core>NULL</core>
<MemPortIdVec></MemPortIdVec>
<condition id="-1">
<or_exp><and_exp></and_exp></or_exp>
</condition>

<Node id="33" bw="32" op_0_bw="512">
<![CDATA[
load-store-loop2.split._crit_edge:1 %empty_30 = trunc i512 %empty_29

]]></Node>
<StgValue><ssdm name="empty_30"/></StgValue>
</operation>

<operation id="33" st_id="3" stage="1" lat="1">
<core>NULL</core>
<MemPortIdVec></MemPortIdVec>
<condition id="-1">
<or_exp><and_exp></and_exp></or_exp>
</condition>

<Node id="34" bw="480" op_0_bw="480" op_1_bw="512" op_2_bw="32" op_3_bw="32">
<![CDATA[
load-store-loop2.split._crit_edge:2 %p_cast1 = partselect i480 @_ssdm_op_PartSelect.i480.i512.i32.i32, i512 %empty_29, i32 32, i32 511

]]></Node>
<StgValue><ssdm name="p_cast1"/></StgValue>
</operation>

<operation id="34" st_id="3" stage="1" lat="1">
<core>NULL</core>
<MemPortIdVec></MemPortIdVec>
<condition id="-1">
<or_exp><and_exp></and_exp></or_exp>
</condition>

<Node id="35" bw="13" op_0_bw="32" op_1_bw="64" op_2_bw="64">
<![CDATA[
load-store-loop2.split._crit_edge:3 %m00_axi_input_buffer_addr = getelementptr i32 %m00_axi_input_buffer, i64 0, i64 %loop_index3_cast2

]]></Node>
<StgValue><ssdm name="m00_axi_input_buffer_addr"/></StgValue>
</operation>

<operation id="35" st_id="3" stage="1" lat="1">
<core>RAM</core>
<MemPortIdVec>0 </MemPortIdVec>
<condition id="-1">
<or_exp><and_exp></and_exp></or_exp>
</condition>

<Node id="36" bw="0" op_0_bw="32" op_1_bw="13">
<![CDATA[
load-store-loop2.split._crit_edge:4 %store_ln52 = store i32 %empty_30, i13 %m00_axi_input_buffer_addr

]]></Node>
<StgValue><ssdm name="store_ln52"/></StgValue>
</operation>

<operation id="36" st_id="3" stage="1" lat="1">
<core>NULL</core>
<MemPortIdVec></MemPortIdVec>
<condition id="-1">
<or_exp><and_exp></and_exp></or_exp>
</condition>

<Node id="38" bw="0" op_0_bw="480" op_1_bw="480" op_2_bw="0" op_3_bw="0">
<![CDATA[
load-store-loop2.split._crit_edge:6 %store_ln52 = store i480 %p_cast1, i480 %shiftreg9

]]></Node>
<StgValue><ssdm name="store_ln52"/></StgValue>
</operation>

<operation id="37" st_id="3" stage="1" lat="1">
<core>NULL</core>
<MemPortIdVec></MemPortIdVec>
<condition id="-1">
<or_exp><and_exp></and_exp></or_exp>
</condition>

<Node id="39" bw="0" op_0_bw="0">
<![CDATA[
load-store-loop2.split._crit_edge:7 %br_ln0 = br void %load-store-loop2

]]></Node>
<StgValue><ssdm name="br_ln0"/></StgValue>
</operation>
</state>
</state_list>


<ports>
<port id="54" name="m00_axi" dir="0" iftype="4">
<core>NULL</core><StgValue><ssdm name="m00_axi"/></StgValue>
</port>
<port id="55" name="sext_ln52" dir="0" iftype="0">
<core>NULL</core><StgValue><ssdm name="sext_ln52"/></StgValue>
</port>
<port id="56" name="m00_axi_input_buffer" dir="1" iftype="1">
<core>RAM</core><StgValue><ssdm name="m00_axi_input_buffer"/><MemPortTyVec>0 3 </MemPortTyVec>
</StgValue>
</port>
</ports>


<dataflows>
<dataflow id="58" from="StgValue_57" to="shiftreg9" fromId="57" toId="6">
</dataflow>
<dataflow id="59" from="StgValue_57" to="loop_index3" fromId="57" toId="7">
</dataflow>
<dataflow id="61" from="_ssdm_op_Read.ap_auto.i58" to="sext_ln52_read" fromId="60" toId="8">
</dataflow>
<dataflow id="62" from="sext_ln52" to="sext_ln52_read" fromId="55" toId="8">
</dataflow>
<dataflow id="63" from="sext_ln52_read" to="sext_ln52_cast" fromId="8" toId="9">
</dataflow>
<dataflow id="65" from="_ssdm_op_SpecInterface" to="specinterface_ln0" fromId="64" toId="10">
</dataflow>
<dataflow id="66" from="m00_axi" to="specinterface_ln0" fromId="54" toId="10">
</dataflow>
<dataflow id="68" from="empty_7" to="specinterface_ln0" fromId="67" toId="10">
</dataflow>
<dataflow id="70" from="StgValue_69" to="specinterface_ln0" fromId="69" toId="10">
</dataflow>
<dataflow id="71" from="StgValue_69" to="specinterface_ln0" fromId="69" toId="10">
</dataflow>
<dataflow id="73" from="empty_14" to="specinterface_ln0" fromId="72" toId="10">
</dataflow>
<dataflow id="75" from="StgValue_74" to="specinterface_ln0" fromId="74" toId="10">
</dataflow>
<dataflow id="76" from="StgValue_69" to="specinterface_ln0" fromId="69" toId="10">
</dataflow>
<dataflow id="78" from="empty" to="specinterface_ln0" fromId="77" toId="10">
</dataflow>
<dataflow id="80" from="empty_0" to="specinterface_ln0" fromId="79" toId="10">
</dataflow>
<dataflow id="81" from="empty_14" to="specinterface_ln0" fromId="72" toId="10">
</dataflow>
<dataflow id="83" from="StgValue_82" to="specinterface_ln0" fromId="82" toId="10">
</dataflow>
<dataflow id="84" from="StgValue_82" to="specinterface_ln0" fromId="82" toId="10">
</dataflow>
<dataflow id="85" from="StgValue_82" to="specinterface_ln0" fromId="82" toId="10">
</dataflow>
<dataflow id="86" from="StgValue_82" to="specinterface_ln0" fromId="82" toId="10">
</dataflow>
<dataflow id="87" from="empty_14" to="specinterface_ln0" fromId="72" toId="10">
</dataflow>
<dataflow id="88" from="empty_14" to="specinterface_ln0" fromId="72" toId="10">
</dataflow>
<dataflow id="90" from="StgValue_89" to="store_ln0" fromId="89" toId="11">
</dataflow>
<dataflow id="91" from="loop_index3" to="store_ln0" fromId="7" toId="11">
</dataflow>
<dataflow id="93" from="StgValue_92" to="store_ln0" fromId="92" toId="12">
</dataflow>
<dataflow id="94" from="shiftreg9" to="store_ln0" fromId="6" toId="12">
</dataflow>
<dataflow id="95" from="loop_index3" to="loop_index3_load" fromId="7" toId="14">
</dataflow>
<dataflow id="96" from="loop_index3_load" to="exitcond65" fromId="14" toId="15">
</dataflow>
<dataflow id="98" from="StgValue_97" to="exitcond65" fromId="97" toId="15">
</dataflow>
<dataflow id="99" from="loop_index3_load" to="empty_28" fromId="14" toId="16">
</dataflow>
<dataflow id="101" from="StgValue_100" to="empty_28" fromId="100" toId="16">
</dataflow>
<dataflow id="102" from="exitcond65" to="br_ln0" fromId="15" toId="17">
</dataflow>
<dataflow id="103" from="loop_index3_load" to="empty_31" fromId="14" toId="18">
</dataflow>
<dataflow id="104" from="empty_31" to="empty_32" fromId="18" toId="19">
</dataflow>
<dataflow id="106" from="StgValue_105" to="empty_32" fromId="105" toId="19">
</dataflow>
<dataflow id="107" from="empty_28" to="store_ln0" fromId="16" toId="20">
</dataflow>
<dataflow id="108" from="loop_index3" to="store_ln0" fromId="7" toId="20">
</dataflow>
<dataflow id="110" from="_ssdm_op_SpecBitsMap" to="specbitsmap_ln0" fromId="109" toId="21">
</dataflow>
<dataflow id="111" from="m00_axi" to="specbitsmap_ln0" fromId="54" toId="21">
</dataflow>
<dataflow id="112" from="m00_axi" to="m00_axi_addr" fromId="54" toId="22">
</dataflow>
<dataflow id="113" from="sext_ln52_cast" to="m00_axi_addr" fromId="9" toId="22">
</dataflow>
<dataflow id="115" from="_ssdm_op_SpecPipeline" to="specpipeline_ln0" fromId="114" toId="23">
</dataflow>
<dataflow id="117" from="StgValue_116" to="specpipeline_ln0" fromId="116" toId="23">
</dataflow>
<dataflow id="118" from="StgValue_69" to="specpipeline_ln0" fromId="69" toId="23">
</dataflow>
<dataflow id="119" from="StgValue_57" to="specpipeline_ln0" fromId="57" toId="23">
</dataflow>
<dataflow id="120" from="StgValue_69" to="specpipeline_ln0" fromId="69" toId="23">
</dataflow>
<dataflow id="122" from="p_str" to="specpipeline_ln0" fromId="121" toId="23">
</dataflow>
<dataflow id="124" from="_ssdm_op_SpecLoopTripCount" to="empty" fromId="123" toId="24">
</dataflow>
<dataflow id="126" from="StgValue_125" to="empty" fromId="125" toId="24">
</dataflow>
<dataflow id="127" from="StgValue_125" to="empty" fromId="125" toId="24">
</dataflow>
<dataflow id="128" from="StgValue_125" to="empty" fromId="125" toId="24">
</dataflow>
<dataflow id="130" from="_ssdm_op_Read.m_axi.p1i512" to="m00_axi_addr_read" fromId="129" toId="25">
</dataflow>
<dataflow id="131" from="m00_axi_addr" to="m00_axi_addr_read" fromId="22" toId="25">
</dataflow>
<dataflow id="132" from="shiftreg9" to="shiftreg9_load" fromId="6" toId="26">
</dataflow>
<dataflow id="133" from="shiftreg9_load" to="shiftreg9_cast" fromId="26" toId="27">
</dataflow>
<dataflow id="134" from="loop_index3_load" to="loop_index3_cast2" fromId="14" toId="28">
</dataflow>
<dataflow id="135" from="empty_32" to="br_ln0" fromId="19" toId="29">
</dataflow>
<dataflow id="136" from="m00_axi_addr_read" to="empty_29" fromId="25" toId="31">
<condition id="-1">
<or_exp><and_exp><literal name="exitcond65" val="0"/>
<literal name="empty_32" val="1"/>
</and_exp></or_exp>
</condition>
</dataflow>
<dataflow id="137" from="br_ln0" to="empty_29" fromId="30" toId="31">
</dataflow>
<dataflow id="138" from="shiftreg9_cast" to="empty_29" fromId="27" toId="31">
<condition id="-1">
<or_exp><and_exp><literal name="exitcond65" val="0"/>
<literal name="empty_32" val="0"/>
</and_exp></or_exp>
</condition>
</dataflow>
<dataflow id="139" from="br_ln0" to="empty_29" fromId="29" toId="31">
</dataflow>
<dataflow id="140" from="empty_29" to="empty_30" fromId="31" toId="32">
</dataflow>
<dataflow id="142" from="_ssdm_op_PartSelect.i480.i512.i32.i32" to="p_cast1" fromId="141" toId="33">
</dataflow>
<dataflow id="143" from="empty_29" to="p_cast1" fromId="31" toId="33">
</dataflow>
<dataflow id="145" from="StgValue_144" to="p_cast1" fromId="144" toId="33">
</dataflow>
<dataflow id="147" from="StgValue_146" to="p_cast1" fromId="146" toId="33">
</dataflow>
<dataflow id="148" from="m00_axi_input_buffer" to="m00_axi_input_buffer_addr" fromId="56" toId="34">
</dataflow>
<dataflow id="150" from="StgValue_149" to="m00_axi_input_buffer_addr" fromId="149" toId="34">
</dataflow>
<dataflow id="151" from="loop_index3_cast2" to="m00_axi_input_buffer_addr" fromId="28" toId="34">
</dataflow>
<dataflow id="152" from="empty_30" to="store_ln52" fromId="32" toId="35">
</dataflow>
<dataflow id="153" from="m00_axi_input_buffer_addr" to="store_ln52" fromId="34" toId="35">
</dataflow>
<dataflow id="154" from="p_cast1" to="store_ln52" fromId="33" toId="36">
</dataflow>
<dataflow id="155" from="shiftreg9" to="store_ln52" fromId="6" toId="36">
</dataflow>
<dataflow id="156" from="exitcond65" to="StgValue_2" fromId="15" toId="2">
</dataflow>
<dataflow id="157" from="exitcond65" to="StgValue_3" fromId="15" toId="3">
</dataflow>
<dataflow id="158" from="empty_32" to="StgValue_3" fromId="19" toId="3">
</dataflow>
<dataflow id="159" from="exitcond65" to="StgValue_4" fromId="15" toId="4">
</dataflow>
<dataflow id="160" from="empty_32" to="StgValue_4" fromId="19" toId="4">
</dataflow>
</dataflows>


</stg>
