{
  "Top": "frankenstein2",
  "RtlTop": "frankenstein2",
  "RtlPrefix": "",
  "RtlSubPrefix": "frankenstein2_",
  "SourceLanguage": "cpp",
  "HostMachineBits": "64",
  "FunctionProtocol": "ap_ctrl_hs",
  "ResetStyle": "control",
  "Target": {
    "Family": "virtexuplus",
    "Device": "xcu250",
    "Package": "-figd2104",
    "Speed": "-2L-e",
    "Triple": "fpga64-xilinx-none"
  },
  "Args": {
    "scalar00": {
      "index": "0",
      "direction": "in",
      "srcType": "unsigned int",
      "srcSize": "32",
      "hwRefs": [{
          "type": "register",
          "interface": "s_axi_control",
          "name": "scalar00",
          "usage": "data",
          "direction": "in"
        }]
    },
    "scalar01": {
      "index": "1",
      "direction": "in",
      "srcType": "unsigned int",
      "srcSize": "32",
      "hwRefs": [{
          "type": "register",
          "interface": "s_axi_control",
          "name": "scalar01",
          "usage": "data",
          "direction": "in"
        }]
    },
    "scalar02": {
      "index": "2",
      "direction": "in",
      "srcType": "unsigned int",
      "srcSize": "32",
      "hwRefs": [{
          "type": "register",
          "interface": "s_axi_control",
          "name": "scalar02",
          "usage": "data",
          "direction": "in"
        }]
    },
    "axi00_ptr0": {
      "index": "3",
      "direction": "inout",
      "srcType": "int*",
      "srcSize": "32",
      "hwRefs": [
        {
          "type": "interface",
          "interface": "m_axi_m00_axi",
          "name": "",
          "usage": "data",
          "direction": "inout"
        },
        {
          "type": "register",
          "interface": "s_axi_control",
          "name": "axi00_ptr0_1",
          "usage": "address",
          "direction": "in"
        },
        {
          "type": "register",
          "interface": "s_axi_control",
          "name": "axi00_ptr0_2",
          "usage": "address",
          "direction": "in"
        }
      ]
    }
  },
  "HlsSolution": {
    "FlowTarget": "vitis",
    "ConfigTcl": [
      "config_interface -m_axi_latency=64",
      "config_interface -m_axi_alignment_byte_size=64",
      "config_interface -m_axi_max_widen_bitwidth=512",
      "config_interface -default_interface=kernel",
      "config_rtl -register_reset_num=3"
    ],
    "DirectiveTcl": ["set_directive_top frankenstein2 -name frankenstein2"],
    "ProfileOption": "0",
    "ProfileType": "none",
    "KernelName": "frankenstein2"
  },
  "ClockInfo": {
    "ClockName": "ap_clk",
    "ClockPeriod": "10",
    "Uncertainty": "2.7",
    "IsCombinational": "0",
    "II": "12441",
    "Latency": "12440"
  },
  "Xdc": {"OocClocks": ["create_clock -name ap_clk -period 10.000 [get_ports ap_clk]"]},
  "Ipx": {
    "Vendor": "xilinx.com",
    "Library": "hls",
    "Name": "frankenstein2",
    "Version": "1.0",
    "DisplayName": "Frankenstein2",
    "Revision": "",
    "Description": "An IP generated by Vitis HLS",
    "Taxonomy": "\/VITIS_HLS_IP",
    "AutoFamilySupport": "",
    "ZipFile": "xilinx_com_hls_frankenstein2_1_0.zip"
  },
  "Files": {
    "CSource": ["..\/..\/..\/frankenstein2_cmodel.cpp"],
    "Vhdl": [
      "impl\/vhdl\/frankenstein2_control_s_axi.vhd",
      "impl\/vhdl\/frankenstein2_flow_control_loop_pipe_sequential_init.vhd",
      "impl\/vhdl\/frankenstein2_frankenstein2_Pipeline_1.vhd",
      "impl\/vhdl\/frankenstein2_frankenstein2_Pipeline_3.vhd",
      "impl\/vhdl\/frankenstein2_frankenstein2_Pipeline_VITIS_LOOP_55_1.vhd",
      "impl\/vhdl\/frankenstein2_m00_axi_input_buffer_RAM_AUTO_1R1W.vhd",
      "impl\/vhdl\/frankenstein2_m00_axi_m_axi.vhd",
      "impl\/vhdl\/frankenstein2.vhd"
    ],
    "Verilog": [
      "impl\/verilog\/frankenstein2_control_s_axi.v",
      "impl\/verilog\/frankenstein2_flow_control_loop_pipe_sequential_init.v",
      "impl\/verilog\/frankenstein2_frankenstein2_Pipeline_1.v",
      "impl\/verilog\/frankenstein2_frankenstein2_Pipeline_3.v",
      "impl\/verilog\/frankenstein2_frankenstein2_Pipeline_VITIS_LOOP_55_1.v",
      "impl\/verilog\/frankenstein2_m00_axi_input_buffer_RAM_AUTO_1R1W.v",
      "impl\/verilog\/frankenstein2_m00_axi_m_axi.v",
      "impl\/verilog\/frankenstein2.v"
    ],
    "SwDriver": [
      "impl\/misc\/drivers\/frankenstein2_v1_0\/data\/frankenstein2.mdd",
      "impl\/misc\/drivers\/frankenstein2_v1_0\/data\/frankenstein2.tcl",
      "impl\/misc\/drivers\/frankenstein2_v1_0\/src\/Makefile",
      "impl\/misc\/drivers\/frankenstein2_v1_0\/src\/xfrankenstein2.c",
      "impl\/misc\/drivers\/frankenstein2_v1_0\/src\/xfrankenstein2.h",
      "impl\/misc\/drivers\/frankenstein2_v1_0\/src\/xfrankenstein2_hw.h",
      "impl\/misc\/drivers\/frankenstein2_v1_0\/src\/xfrankenstein2_linux.c",
      "impl\/misc\/drivers\/frankenstein2_v1_0\/src\/xfrankenstein2_sinit.c"
    ],
    "IpMisc": ["impl\/misc\/logo.png"],
    "CsynthXml": "syn\/report\/csynth.xml",
    "DebugDir": ".debug",
    "KernelXml": "..\/kernel.xml",
    "Xo": "",
    "XoHlsDir": "",
    "ProtoInst": [".debug\/frankenstein2.protoinst"]
  },
  "SubcoreInfo": {
    "HasXpmMemory": false,
    "HasClockedDsp": false,
    "Ip": []
  },
  "Interfaces": {
    "s_axi_control": {
      "type": "axi4lite",
      "busTypeName": "aximm",
      "mode": "slave",
      "dataWidth": "32",
      "addrWidth": "6",
      "portPrefix": "s_axi_control_",
      "paramPrefix": "C_S_AXI_CONTROL_",
      "ports": [
        "s_axi_control_ARADDR",
        "s_axi_control_ARREADY",
        "s_axi_control_ARVALID",
        "s_axi_control_AWADDR",
        "s_axi_control_AWREADY",
        "s_axi_control_AWVALID",
        "s_axi_control_BREADY",
        "s_axi_control_BRESP",
        "s_axi_control_BVALID",
        "s_axi_control_RDATA",
        "s_axi_control_RREADY",
        "s_axi_control_RRESP",
        "s_axi_control_RVALID",
        "s_axi_control_WDATA",
        "s_axi_control_WREADY",
        "s_axi_control_WSTRB",
        "s_axi_control_WVALID"
      ],
      "registers": [
        {
          "offset": "0x00",
          "name": "CTRL",
          "access": "RW",
          "description": "Control signals",
          "range": "32",
          "fields": [
            {
              "offset": "0",
              "width": "1",
              "name": "AP_START",
              "access": "RW",
              "description": "Control signal Register for 'ap_start'."
            },
            {
              "offset": "1",
              "width": "1",
              "name": "AP_DONE",
              "access": "R",
              "description": "Control signal Register for 'ap_done'."
            },
            {
              "offset": "2",
              "width": "1",
              "name": "AP_IDLE",
              "access": "R",
              "description": "Control signal Register for 'ap_idle'."
            },
            {
              "offset": "3",
              "width": "1",
              "name": "AP_READY",
              "access": "R",
              "description": "Control signal Register for 'ap_ready'."
            },
            {
              "offset": "4",
              "width": "3",
              "name": "RESERVED_1",
              "access": "R",
              "description": "Reserved.  0s on read."
            },
            {
              "offset": "7",
              "width": "1",
              "name": "AUTO_RESTART",
              "access": "RW",
              "description": "Control signal Register for 'auto_restart'."
            },
            {
              "offset": "8",
              "width": "1",
              "name": "RESERVED_2",
              "access": "R",
              "description": "Reserved.  0s on read."
            },
            {
              "offset": "9",
              "width": "1",
              "name": "RESERVED_3",
              "access": "R",
              "description": "Reserved.  0s on read."
            },
            {
              "offset": "10",
              "width": "22",
              "name": "RESERVED_4",
              "access": "R",
              "description": "Reserved.  0s on read."
            }
          ]
        },
        {
          "offset": "0x04",
          "name": "GIER",
          "access": "RW",
          "description": "Global Interrupt Enable Register",
          "range": "32",
          "fields": [
            {
              "offset": "0",
              "width": "1",
              "name": "Enable",
              "access": "RW",
              "description": "Master enable for the device interrupt output to the system interrupt controller: 0 = Disabled, 1 = Enabled"
            },
            {
              "offset": "1",
              "width": "31",
              "name": "RESERVED",
              "access": "R",
              "description": "Reserved.  0s on read."
            }
          ]
        },
        {
          "offset": "0x08",
          "name": "IP_IER",
          "access": "RW",
          "description": "IP Interrupt Enable Register",
          "range": "32",
          "fields": [
            {
              "offset": "0",
              "width": "1",
              "name": "CHAN0_INT_EN",
              "access": "RW",
              "description": "Enable Channel 0 (ap_done) Interrupt.  0 = Disabled, 1 = Enabled."
            },
            {
              "offset": "1",
              "width": "1",
              "name": "CHAN1_INT_EN",
              "access": "RW",
              "description": "Enable Channel 1 (ap_ready) Interrupt.  0 = Disabled, 1 = Enabled."
            },
            {
              "offset": "2",
              "width": "3",
              "name": "RESERVED_0",
              "access": "R",
              "description": "Reserved.  0s on read."
            },
            {
              "offset": "5",
              "width": "1",
              "name": "CHAN2_INT_EN",
              "access": "RW",
              "description": "Enable Channel 2 (ap_local_deadlock) Interrupt.  0 = Disabled, 1 = Enabled."
            },
            {
              "offset": "6",
              "width": "26",
              "name": "RESERVED_1",
              "access": "R",
              "description": "Reserved.  0s on read."
            }
          ]
        },
        {
          "offset": "0x0c",
          "name": "IP_ISR",
          "access": "RW",
          "description": "IP Interrupt Status Register",
          "range": "32",
          "fields": [
            {
              "offset": "0",
              "width": "1",
              "name": "CHAN0_INT_ST",
              "access": "RTOW",
              "description": "Channel 0 (ap_done) Interrupt Status. 0 = No Channel 0 input interrupt, 1 = Channel 0 input interrup"
            },
            {
              "offset": "1",
              "width": "1",
              "name": "CHAN1_INT_ST",
              "access": "RTOW",
              "description": "Channel 1 (ap_ready) Interrupt Status. 0 = No Channel 1 input interrupt, 1 = Channel 1 input interrup"
            },
            {
              "offset": "2",
              "width": "3",
              "name": "RESERVED_0",
              "access": "R",
              "description": "Reserved.  0s on read."
            },
            {
              "offset": "5",
              "width": "1",
              "name": "CHAN2_INT_ST",
              "access": "RTOW",
              "description": "Channel 2 (ap_local_deadlock) Interrupt Status. 0 = No Channel 2 input interrupt, 1 = Channel 2 input interrup"
            },
            {
              "offset": "6",
              "width": "26",
              "name": "RESERVED_1",
              "access": "R",
              "description": "Reserved.  0s on read."
            }
          ]
        },
        {
          "offset": "0x10",
          "name": "scalar00",
          "access": "W",
          "description": "Data signal of scalar00",
          "range": "32",
          "fields": [{
              "offset": "0",
              "width": "32",
              "name": "scalar00",
              "access": "W",
              "description": "Bit 31 to 0 of scalar00"
            }]
        },
        {
          "offset": "0x18",
          "name": "scalar01",
          "access": "W",
          "description": "Data signal of scalar01",
          "range": "32",
          "fields": [{
              "offset": "0",
              "width": "32",
              "name": "scalar01",
              "access": "W",
              "description": "Bit 31 to 0 of scalar01"
            }]
        },
        {
          "offset": "0x20",
          "name": "scalar02",
          "access": "W",
          "description": "Data signal of scalar02",
          "range": "32",
          "fields": [{
              "offset": "0",
              "width": "32",
              "name": "scalar02",
              "access": "W",
              "description": "Bit 31 to 0 of scalar02"
            }]
        },
        {
          "offset": "0x28",
          "name": "axi00_ptr0_1",
          "access": "W",
          "description": "Data signal of axi00_ptr0",
          "range": "32",
          "fields": [{
              "offset": "0",
              "width": "32",
              "name": "axi00_ptr0",
              "access": "W",
              "description": "Bit 31 to 0 of axi00_ptr0"
            }]
        },
        {
          "offset": "0x2c",
          "name": "axi00_ptr0_2",
          "access": "W",
          "description": "Data signal of axi00_ptr0",
          "range": "32",
          "fields": [{
              "offset": "0",
              "width": "32",
              "name": "axi00_ptr0",
              "access": "W",
              "description": "Bit 63 to 32 of axi00_ptr0"
            }]
        }
      ],
      "constraints": [
        {
          "constraint_type": "pragma interface",
          "mode": "s_axilite",
          "register_option": "0",
          "offset": "16",
          "argName": "scalar00"
        },
        {
          "constraint_type": "pragma interface",
          "mode": "s_axilite",
          "register_option": "0",
          "offset": "24",
          "argName": "scalar01"
        },
        {
          "constraint_type": "pragma interface",
          "mode": "s_axilite",
          "register_option": "0",
          "offset": "32",
          "argName": "scalar02"
        },
        {
          "constraint_type": "pragma interface",
          "mode": "s_axilite",
          "register_option": "0",
          "offset": "40",
          "argName": "axi00_ptr0"
        }
      ]
    },
    "ap_clk": {
      "type": "clock",
      "busTypeName": "clock",
      "mode": "slave",
      "busParams": {
        "ASSOCIATED_BUSIF": "s_axi_control:m_axi_m00_axi",
        "ASSOCIATED_RESET": "ap_rst_n"
      },
      "portMap": {"ap_clk": "CLK"},
      "ports": ["ap_clk"]
    },
    "ap_rst_n": {
      "type": "reset",
      "busTypeName": "reset",
      "mode": "slave",
      "busParams": {"POLARITY": "ACTIVE_LOW"},
      "portMap": {"ap_rst_n": "RST"},
      "ports": ["ap_rst_n"]
    },
    "interrupt": {
      "type": "interrupt",
      "busTypeName": "interrupt",
      "mode": "master",
      "dataWidth": "1",
      "busParams": {"SENSITIVITY": "LEVEL_HIGH"},
      "portMap": {"interrupt": "INTERRUPT"},
      "ports": ["interrupt"]
    },
    "m_axi_m00_axi": {
      "type": "axi4full",
      "busTypeName": "aximm",
      "mode": "master",
      "dataWidth": "512",
      "addrWidth": "64",
      "portPrefix": "m_axi_m00_axi_",
      "paramPrefix": "C_M_AXI_M00_AXI_",
      "preferredUsageValue": "MEMORY",
      "busParams": {
        "NUM_READ_OUTSTANDING": "16",
        "NUM_WRITE_OUTSTANDING": "16",
        "MAX_READ_BURST_LENGTH": "16",
        "MAX_WRITE_BURST_LENGTH": "16",
        "MAX_BURST_LENGTH": "256",
        "PROTOCOL": "AXI4",
        "READ_WRITE_MODE": "READ_WRITE",
        "HAS_BURST": "0",
        "SUPPORTS_NARROW_BURST": "0"
      },
      "ports": [
        "m_axi_m00_axi_ARADDR",
        "m_axi_m00_axi_ARBURST",
        "m_axi_m00_axi_ARCACHE",
        "m_axi_m00_axi_ARID",
        "m_axi_m00_axi_ARLEN",
        "m_axi_m00_axi_ARLOCK",
        "m_axi_m00_axi_ARPROT",
        "m_axi_m00_axi_ARQOS",
        "m_axi_m00_axi_ARREADY",
        "m_axi_m00_axi_ARREGION",
        "m_axi_m00_axi_ARSIZE",
        "m_axi_m00_axi_ARUSER",
        "m_axi_m00_axi_ARVALID",
        "m_axi_m00_axi_AWADDR",
        "m_axi_m00_axi_AWBURST",
        "m_axi_m00_axi_AWCACHE",
        "m_axi_m00_axi_AWID",
        "m_axi_m00_axi_AWLEN",
        "m_axi_m00_axi_AWLOCK",
        "m_axi_m00_axi_AWPROT",
        "m_axi_m00_axi_AWQOS",
        "m_axi_m00_axi_AWREADY",
        "m_axi_m00_axi_AWREGION",
        "m_axi_m00_axi_AWSIZE",
        "m_axi_m00_axi_AWUSER",
        "m_axi_m00_axi_AWVALID",
        "m_axi_m00_axi_BID",
        "m_axi_m00_axi_BREADY",
        "m_axi_m00_axi_BRESP",
        "m_axi_m00_axi_BUSER",
        "m_axi_m00_axi_BVALID",
        "m_axi_m00_axi_RDATA",
        "m_axi_m00_axi_RID",
        "m_axi_m00_axi_RLAST",
        "m_axi_m00_axi_RREADY",
        "m_axi_m00_axi_RRESP",
        "m_axi_m00_axi_RUSER",
        "m_axi_m00_axi_RVALID",
        "m_axi_m00_axi_WDATA",
        "m_axi_m00_axi_WID",
        "m_axi_m00_axi_WLAST",
        "m_axi_m00_axi_WREADY",
        "m_axi_m00_axi_WSTRB",
        "m_axi_m00_axi_WUSER",
        "m_axi_m00_axi_WVALID"
      ],
      "constraints": [
        {
          "constraint_type": "pragma interface",
          "mode": "m_axi",
          "register_option": "0",
          "offset": "slave",
          "latency": "64",
          "num_read_outstanding": "16",
          "num_write_outstanding": "16",
          "max_read_burst_length": "16",
          "max_write_burst_length": "16",
          "max_widen_bitwidth": "512",
          "argName": "axi00_ptr0"
        },
        {
          "constraint_type": "bitwidth",
          "orig_bitwidth": "32",
          "final_bitwidth": "512",
          "argName": "axi00_ptr0"
        }
      ]
    }
  },
  "RtlPorts": {
    "s_axi_control_AWVALID": {
      "dir": "in",
      "width": "1"
    },
    "s_axi_control_AWREADY": {
      "dir": "out",
      "width": "1"
    },
    "s_axi_control_AWADDR": {
      "dir": "in",
      "width": "6"
    },
    "s_axi_control_WVALID": {
      "dir": "in",
      "width": "1"
    },
    "s_axi_control_WREADY": {
      "dir": "out",
      "width": "1"
    },
    "s_axi_control_WDATA": {
      "dir": "in",
      "width": "32"
    },
    "s_axi_control_WSTRB": {
      "dir": "in",
      "width": "4"
    },
    "s_axi_control_ARVALID": {
      "dir": "in",
      "width": "1"
    },
    "s_axi_control_ARREADY": {
      "dir": "out",
      "width": "1"
    },
    "s_axi_control_ARADDR": {
      "dir": "in",
      "width": "6"
    },
    "s_axi_control_RVALID": {
      "dir": "out",
      "width": "1"
    },
    "s_axi_control_RREADY": {
      "dir": "in",
      "width": "1"
    },
    "s_axi_control_RDATA": {
      "dir": "out",
      "width": "32"
    },
    "s_axi_control_RRESP": {
      "dir": "out",
      "width": "2"
    },
    "s_axi_control_BVALID": {
      "dir": "out",
      "width": "1"
    },
    "s_axi_control_BREADY": {
      "dir": "in",
      "width": "1"
    },
    "s_axi_control_BRESP": {
      "dir": "out",
      "width": "2"
    },
    "ap_local_block": {
      "dir": "out",
      "width": "1",
      "isVector": "true"
    },
    "ap_clk": {
      "dir": "in",
      "width": "1"
    },
    "ap_rst_n": {
      "dir": "in",
      "width": "1"
    },
    "interrupt": {
      "dir": "out",
      "width": "1"
    },
    "m_axi_m00_axi_AWVALID": {
      "dir": "out",
      "width": "1"
    },
    "m_axi_m00_axi_AWREADY": {
      "dir": "in",
      "width": "1"
    },
    "m_axi_m00_axi_AWADDR": {
      "dir": "out",
      "width": "64"
    },
    "m_axi_m00_axi_AWID": {
      "dir": "out",
      "width": "1",
      "isVector": "true"
    },
    "m_axi_m00_axi_AWLEN": {
      "dir": "out",
      "width": "8"
    },
    "m_axi_m00_axi_AWSIZE": {
      "dir": "out",
      "width": "3"
    },
    "m_axi_m00_axi_AWBURST": {
      "dir": "out",
      "width": "2"
    },
    "m_axi_m00_axi_AWLOCK": {
      "dir": "out",
      "width": "2"
    },
    "m_axi_m00_axi_AWCACHE": {
      "dir": "out",
      "width": "4"
    },
    "m_axi_m00_axi_AWPROT": {
      "dir": "out",
      "width": "3"
    },
    "m_axi_m00_axi_AWQOS": {
      "dir": "out",
      "width": "4"
    },
    "m_axi_m00_axi_AWREGION": {
      "dir": "out",
      "width": "4"
    },
    "m_axi_m00_axi_AWUSER": {
      "dir": "out",
      "width": "1",
      "isVector": "true"
    },
    "m_axi_m00_axi_WVALID": {
      "dir": "out",
      "width": "1"
    },
    "m_axi_m00_axi_WREADY": {
      "dir": "in",
      "width": "1"
    },
    "m_axi_m00_axi_WDATA": {
      "dir": "out",
      "width": "512"
    },
    "m_axi_m00_axi_WSTRB": {
      "dir": "out",
      "width": "64"
    },
    "m_axi_m00_axi_WLAST": {
      "dir": "out",
      "width": "1"
    },
    "m_axi_m00_axi_WID": {
      "dir": "out",
      "width": "1",
      "isVector": "true"
    },
    "m_axi_m00_axi_WUSER": {
      "dir": "out",
      "width": "1",
      "isVector": "true"
    },
    "m_axi_m00_axi_ARVALID": {
      "dir": "out",
      "width": "1"
    },
    "m_axi_m00_axi_ARREADY": {
      "dir": "in",
      "width": "1"
    },
    "m_axi_m00_axi_ARADDR": {
      "dir": "out",
      "width": "64"
    },
    "m_axi_m00_axi_ARID": {
      "dir": "out",
      "width": "1",
      "isVector": "true"
    },
    "m_axi_m00_axi_ARLEN": {
      "dir": "out",
      "width": "8"
    },
    "m_axi_m00_axi_ARSIZE": {
      "dir": "out",
      "width": "3"
    },
    "m_axi_m00_axi_ARBURST": {
      "dir": "out",
      "width": "2"
    },
    "m_axi_m00_axi_ARLOCK": {
      "dir": "out",
      "width": "2"
    },
    "m_axi_m00_axi_ARCACHE": {
      "dir": "out",
      "width": "4"
    },
    "m_axi_m00_axi_ARPROT": {
      "dir": "out",
      "width": "3"
    },
    "m_axi_m00_axi_ARQOS": {
      "dir": "out",
      "width": "4"
    },
    "m_axi_m00_axi_ARREGION": {
      "dir": "out",
      "width": "4"
    },
    "m_axi_m00_axi_ARUSER": {
      "dir": "out",
      "width": "1",
      "isVector": "true"
    },
    "m_axi_m00_axi_RVALID": {
      "dir": "in",
      "width": "1"
    },
    "m_axi_m00_axi_RREADY": {
      "dir": "out",
      "width": "1"
    },
    "m_axi_m00_axi_RDATA": {
      "dir": "in",
      "width": "512"
    },
    "m_axi_m00_axi_RLAST": {
      "dir": "in",
      "width": "1"
    },
    "m_axi_m00_axi_RID": {
      "dir": "in",
      "width": "1",
      "isVector": "true"
    },
    "m_axi_m00_axi_RUSER": {
      "dir": "in",
      "width": "1",
      "isVector": "true"
    },
    "m_axi_m00_axi_RRESP": {
      "dir": "in",
      "width": "2"
    },
    "m_axi_m00_axi_BVALID": {
      "dir": "in",
      "width": "1"
    },
    "m_axi_m00_axi_BREADY": {
      "dir": "out",
      "width": "1"
    },
    "m_axi_m00_axi_BRESP": {
      "dir": "in",
      "width": "2"
    },
    "m_axi_m00_axi_BID": {
      "dir": "in",
      "width": "1",
      "isVector": "true"
    },
    "m_axi_m00_axi_BUSER": {
      "dir": "in",
      "width": "1",
      "isVector": "true"
    }
  },
  "ModuleInfo": {
    "Hierarchy": {
      "ModuleName": "frankenstein2",
      "Instances": [
        {
          "ModuleName": "frankenstein2_Pipeline_1",
          "InstanceName": "grp_frankenstein2_Pipeline_1_fu_99"
        },
        {
          "ModuleName": "frankenstein2_Pipeline_VITIS_LOOP_55_1",
          "InstanceName": "grp_frankenstein2_Pipeline_VITIS_LOOP_55_1_fu_107"
        },
        {
          "ModuleName": "frankenstein2_Pipeline_3",
          "InstanceName": "grp_frankenstein2_Pipeline_3_fu_113"
        }
      ]
    },
    "Info": {
      "frankenstein2_Pipeline_1": {
        "FunctionProtocol": "ap_ctrl_hs",
        "isTaskLevelControl": "0",
        "isPipelined": "1",
        "isCombinational": "0",
        "isOneStateSeq": "0"
      },
      "frankenstein2_Pipeline_VITIS_LOOP_55_1": {
        "FunctionProtocol": "ap_ctrl_hs",
        "isTaskLevelControl": "0",
        "isPipelined": "1",
        "isCombinational": "0",
        "isOneStateSeq": "0"
      },
      "frankenstein2_Pipeline_3": {
        "FunctionProtocol": "ap_ctrl_hs",
        "isTaskLevelControl": "0",
        "isPipelined": "1",
        "isCombinational": "0",
        "isOneStateSeq": "0"
      },
      "frankenstein2": {
        "FunctionProtocol": "ap_ctrl_hs",
        "isTaskLevelControl": "0",
        "isPipelined": "0",
        "isCombinational": "0",
        "isOneStateSeq": "0"
      }
    },
    "Metrics": {
      "frankenstein2_Pipeline_1": {
        "Latency": {
          "LatencyBest": "4099",
          "LatencyAvg": "4099",
          "LatencyWorst": "4099",
          "PipelineII": "4099",
          "PipelineDepth": "",
          "PipelineType": "no"
        },
        "Timing": {
          "Target": "10.00",
          "Uncertainty": "2.70",
          "Estimate": "7.300"
        },
        "Loops": [{
            "Name": "Loop 1",
            "TripCount": "4096",
            "Latency": "4097",
            "PipelineII": "1",
            "PipelineDepth": "3"
          }],
        "Area": {
          "FF": "1040",
          "AVAIL_FF": "3456000",
          "UTIL_FF": "~0",
          "LUT": "117",
          "AVAIL_LUT": "1728000",
          "UTIL_LUT": "~0",
          "BRAM_18K": "0",
          "AVAIL_BRAM": "5376",
          "UTIL_BRAM": "0",
          "DSP": "0",
          "AVAIL_DSP": "12288",
          "UTIL_DSP": "0",
          "URAM": "0",
          "AVAIL_URAM": "1280",
          "UTIL_URAM": "0"
        }
      },
      "frankenstein2_Pipeline_VITIS_LOOP_55_1": {
        "Latency": {
          "LatencyBest": "4098",
          "LatencyAvg": "4098",
          "LatencyWorst": "4098",
          "PipelineII": "4098",
          "PipelineDepth": "",
          "PipelineType": "no"
        },
        "Timing": {
          "Target": "10.00",
          "Uncertainty": "2.70",
          "Estimate": "3.376"
        },
        "Loops": [{
            "Name": "VITIS_LOOP_55_1",
            "TripCount": "4096",
            "Latency": "4096",
            "PipelineII": "1",
            "PipelineDepth": "2"
          }],
        "Area": {
          "FF": "29",
          "AVAIL_FF": "3456000",
          "UTIL_FF": "~0",
          "LUT": "109",
          "AVAIL_LUT": "1728000",
          "UTIL_LUT": "~0",
          "BRAM_18K": "0",
          "AVAIL_BRAM": "5376",
          "UTIL_BRAM": "0",
          "DSP": "0",
          "AVAIL_DSP": "12288",
          "UTIL_DSP": "0",
          "URAM": "0",
          "AVAIL_URAM": "1280",
          "UTIL_URAM": "0"
        }
      },
      "frankenstein2_Pipeline_3": {
        "Latency": {
          "LatencyBest": "4099",
          "LatencyAvg": "4099",
          "LatencyWorst": "4099",
          "PipelineII": "4099",
          "PipelineDepth": "",
          "PipelineType": "no"
        },
        "Timing": {
          "Target": "10.00",
          "Uncertainty": "2.70",
          "Estimate": "7.300"
        },
        "Loops": [{
            "Name": "Loop 1",
            "TripCount": "4096",
            "Latency": "4097",
            "PipelineII": "1",
            "PipelineDepth": "3"
          }],
        "Area": {
          "FF": "533",
          "AVAIL_FF": "3456000",
          "UTIL_FF": "~0",
          "LUT": "509",
          "AVAIL_LUT": "1728000",
          "UTIL_LUT": "~0",
          "BRAM_18K": "0",
          "AVAIL_BRAM": "5376",
          "UTIL_BRAM": "0",
          "DSP": "0",
          "AVAIL_DSP": "12288",
          "UTIL_DSP": "0",
          "URAM": "0",
          "AVAIL_URAM": "1280",
          "UTIL_URAM": "0"
        }
      },
      "frankenstein2": {
        "Latency": {
          "LatencyBest": "12440",
          "LatencyAvg": "12440",
          "LatencyWorst": "12440",
          "PipelineII": "12441",
          "PipelineDepth": "",
          "PipelineType": "no"
        },
        "Timing": {
          "Target": "10.00",
          "Uncertainty": "2.70",
          "Estimate": "7.300"
        },
        "Area": {
          "BRAM_18K": "62",
          "AVAIL_BRAM": "5376",
          "UTIL_BRAM": "1",
          "FF": "3517",
          "AVAIL_FF": "3456000",
          "UTIL_FF": "~0",
          "LUT": "3830",
          "AVAIL_LUT": "1728000",
          "UTIL_LUT": "~0",
          "URAM": "0",
          "AVAIL_URAM": "1280",
          "UTIL_URAM": "0",
          "DSP": "0",
          "AVAIL_DSP": "12288",
          "UTIL_DSP": "0"
        }
      }
    }
  },
  "GenerateBdFiles": "0",
  "GenData": {
    "DataVersion": "0.2",
    "Time": "2022-05-29 11:35:09 CEST",
    "ToolName": "vitis_hls",
    "ToolVersion": "2021.2"
  }
}
