<xilinx:hls_fe_msgs>
    <msg msg_groups="PRAGMA_VERBOSE_DUMP" msg_id="207-5471" msg_severity="WARNING" msg_loc="/data/Xilinx/Vitis_HLS/2021.2/common/technology/autopilot/ap_int_ref.h:718:9" msg_body="HLS pragma dump">
        <args ARG_PragmaFunction="and_reduce" ARG_PragmaIsValid="1" ARG_PragmaType="unroll" ClangWarningOption="dump-hls-pragmas"/>
    </msg>
    <msg msg_groups="PRAGMA_VERBOSE_DUMP" msg_id="207-5471" msg_severity="WARNING" msg_loc="/data/Xilinx/Vitis_HLS/2021.2/common/technology/autopilot/ap_int_ref.h:732:9" msg_body="HLS pragma dump">
        <args ARG_PragmaFunction="or_reduce" ARG_PragmaIsValid="1" ARG_PragmaType="unroll" ClangWarningOption="dump-hls-pragmas"/>
    </msg>
    <msg msg_groups="PRAGMA_VERBOSE_DUMP" msg_id="207-5471" msg_severity="WARNING" msg_loc="/data/Xilinx/Vitis_HLS/2021.2/common/technology/autopilot/ap_int_ref.h:746:9" msg_body="HLS pragma dump">
        <args ARG_PragmaFunction="xor_reduce" ARG_PragmaIsValid="1" ARG_PragmaType="unroll" ClangWarningOption="dump-hls-pragmas"/>
    </msg>
    <msg msg_groups="PRAGMA_VERBOSE_DUMP" msg_id="207-5471" msg_severity="WARNING" msg_loc="/data/Xilinx/Vitis_HLS/2021.2/common/technology/autopilot/ap_axi_sdata.h:122:9" msg_body="HLS pragma dump">
        <args ARG_PragmaFunction="get_user_ptr" ARG_PragmaIsValid="1" ARG_PragmaType="inline" ClangWarningOption="dump-hls-pragmas"/>
    </msg>
    <msg msg_groups="PRAGMA_VERBOSE_DUMP" msg_id="207-5471" msg_severity="WARNING" msg_loc="/data/Xilinx/Vitis_HLS/2021.2/common/technology/autopilot/ap_axi_sdata.h:126:9" msg_body="HLS pragma dump">
        <args ARG_PragmaFunction="get_id_ptr" ARG_PragmaIsValid="1" ARG_PragmaType="inline" ClangWarningOption="dump-hls-pragmas"/>
    </msg>
    <msg msg_groups="PRAGMA_VERBOSE_DUMP" msg_id="207-5471" msg_severity="WARNING" msg_loc="/data/Xilinx/Vitis_HLS/2021.2/common/technology/autopilot/ap_axi_sdata.h:130:9" msg_body="HLS pragma dump">
        <args ARG_PragmaFunction="get_dest_ptr" ARG_PragmaIsValid="1" ARG_PragmaType="inline" ClangWarningOption="dump-hls-pragmas"/>
    </msg>
    <msg msg_groups="PRAGMA_VERBOSE_DUMP" msg_id="207-5471" msg_severity="WARNING" msg_loc="/data/Xilinx/Vitis_HLS/2021.2/common/technology/autopilot/ap_axi_sdata.h:160:9" msg_body="HLS pragma dump">
        <args ARG_PragmaFunction="get_strb_ptr" ARG_PragmaIsValid="1" ARG_PragmaType="inline" ClangWarningOption="dump-hls-pragmas"/>
    </msg>
    <msg msg_groups="PRAGMA_VERBOSE_DUMP" msg_id="207-5471" msg_severity="WARNING" msg_loc="/data/Xilinx/Vitis_HLS/2021.2/common/technology/autopilot/ap_axi_sdata.h:164:9" msg_body="HLS pragma dump">
        <args ARG_PragmaFunction="get_user_ptr" ARG_PragmaIsValid="1" ARG_PragmaType="inline" ClangWarningOption="dump-hls-pragmas"/>
    </msg>
    <msg msg_groups="PRAGMA_VERBOSE_DUMP" msg_id="207-5471" msg_severity="WARNING" msg_loc="/data/Xilinx/Vitis_HLS/2021.2/common/technology/autopilot/ap_axi_sdata.h:168:9" msg_body="HLS pragma dump">
        <args ARG_PragmaFunction="get_id_ptr" ARG_PragmaIsValid="1" ARG_PragmaType="inline" ClangWarningOption="dump-hls-pragmas"/>
    </msg>
    <msg msg_groups="PRAGMA_VERBOSE_DUMP" msg_id="207-5471" msg_severity="WARNING" msg_loc="/data/Xilinx/Vitis_HLS/2021.2/common/technology/autopilot/ap_axi_sdata.h:172:9" msg_body="HLS pragma dump">
        <args ARG_PragmaFunction="get_dest_ptr" ARG_PragmaIsValid="1" ARG_PragmaType="inline" ClangWarningOption="dump-hls-pragmas"/>
    </msg>
    <msg msg_groups="PRAGMA_VERBOSE_DUMP" msg_id="207-5471" msg_severity="WARNING" msg_loc="/data/Xilinx/Vitis_HLS/2021.2/common/technology/autopilot/ap_axi_sdata.h:178:9" msg_body="HLS pragma dump">
        <args ARG_PragmaFunction="get_data" ARG_PragmaIsValid="1" ARG_PragmaType="inline" ClangWarningOption="dump-hls-pragmas"/>
    </msg>
    <msg msg_groups="PRAGMA_VERBOSE_DUMP" msg_id="207-5471" msg_severity="WARNING" msg_loc="/data/Xilinx/Vitis_HLS/2021.2/common/technology/autopilot/ap_axi_sdata.h:182:9" msg_body="HLS pragma dump">
        <args ARG_PragmaFunction="get_keep" ARG_PragmaIsValid="1" ARG_PragmaType="inline" ClangWarningOption="dump-hls-pragmas"/>
    </msg>
    <msg msg_groups="PRAGMA_VERBOSE_DUMP" msg_id="207-5471" msg_severity="WARNING" msg_loc="/data/Xilinx/Vitis_HLS/2021.2/common/technology/autopilot/ap_axi_sdata.h:186:9" msg_body="HLS pragma dump">
        <args ARG_PragmaFunction="get_last" ARG_PragmaIsValid="1" ARG_PragmaType="inline" ClangWarningOption="dump-hls-pragmas"/>
    </msg>
    <msg msg_groups="PRAGMA_VERBOSE_DUMP" msg_id="207-5471" msg_severity="WARNING" msg_loc="/data/Xilinx/Vitis_HLS/2021.2/common/technology/autopilot/ap_axi_sdata.h:191:9" msg_body="HLS pragma dump">
        <args ARG_PragmaFunction="set_data" ARG_PragmaIsValid="1" ARG_PragmaType="inline" ClangWarningOption="dump-hls-pragmas"/>
    </msg>
    <msg msg_groups="PRAGMA_VERBOSE_DUMP" msg_id="207-5471" msg_severity="WARNING" msg_loc="/data/Xilinx/Vitis_HLS/2021.2/common/technology/autopilot/ap_axi_sdata.h:195:9" msg_body="HLS pragma dump">
        <args ARG_PragmaFunction="set_keep" ARG_PragmaIsValid="1" ARG_PragmaType="inline" ClangWarningOption="dump-hls-pragmas"/>
    </msg>
    <msg msg_groups="PRAGMA_VERBOSE_DUMP" msg_id="207-5471" msg_severity="WARNING" msg_loc="/data/Xilinx/Vitis_HLS/2021.2/common/technology/autopilot/ap_axi_sdata.h:199:9" msg_body="HLS pragma dump">
        <args ARG_PragmaFunction="set_last" ARG_PragmaIsValid="1" ARG_PragmaType="inline" ClangWarningOption="dump-hls-pragmas"/>
    </msg>
    <msg msg_groups="PRAGMA_VERBOSE_DUMP" msg_id="207-5471" msg_severity="WARNING" msg_loc="/data/Xilinx/Vitis_HLS/2021.2/common/technology/autopilot/ap_axi_sdata.h:203:9" msg_body="HLS pragma dump">
        <args ARG_PragmaFunction="keep_all" ARG_PragmaIsValid="1" ARG_PragmaType="inline" ClangWarningOption="dump-hls-pragmas"/>
    </msg>
    <msg msg_groups="PRAGMA_VERBOSE_DUMP" msg_id="207-5471" msg_severity="WARNING" msg_loc="/data/Xilinx/Vitis_HLS/2021.2/common/technology/autopilot/ap_axi_sdata.h:209:9" msg_body="HLS pragma dump">
        <args ARG_PragmaFunction="qdma_axis&lt;WData, 0, 0, 0&gt;" ARG_PragmaIsValid="1" ARG_PragmaType="inline" ClangWarningOption="dump-hls-pragmas"/>
    </msg>
    <msg msg_groups="PRAGMA_VERBOSE_DUMP" msg_id="207-5471" msg_severity="WARNING" msg_loc="/data/Xilinx/Vitis_HLS/2021.2/common/technology/autopilot/ap_axi_sdata.h:213:9" msg_body="HLS pragma dump">
        <args ARG_PragmaFunction="qdma_axis&lt;WData, 0, 0, 0&gt;" ARG_PragmaIsValid="1" ARG_PragmaType="inline" ClangWarningOption="dump-hls-pragmas"/>
    </msg>
    <msg msg_groups="PRAGMA_VERBOSE_DUMP" msg_id="207-5471" msg_severity="WARNING" msg_loc="/data/Xilinx/Vitis_HLS/2021.2/common/technology/autopilot/ap_axi_sdata.h:217:9" msg_body="HLS pragma dump">
        <args ARG_PragmaFunction="qdma_axis&lt;WData, 0, 0, 0&gt;" ARG_PragmaIsValid="1" ARG_PragmaType="inline" ClangWarningOption="dump-hls-pragmas"/>
    </msg>
    <msg msg_groups="PRAGMA_VERBOSE_DUMP" msg_id="207-5471" msg_severity="WARNING" msg_loc="/data/Xilinx/Vitis_HLS/2021.2/common/technology/autopilot/ap_axi_sdata.h:222:9" msg_body="HLS pragma dump">
        <args ARG_PragmaFunction="qdma_axis&lt;WData, 0, 0, 0&gt;" ARG_PragmaIsValid="1" ARG_PragmaType="inline" ClangWarningOption="dump-hls-pragmas"/>
    </msg>
    <msg msg_groups="PRAGMA_VERBOSE_DUMP" msg_id="207-5471" msg_severity="WARNING" msg_loc="/data/Xilinx/Vitis_HLS/2021.2/common/technology/autopilot/ap_axi_sdata.h:227:9" msg_body="HLS pragma dump">
        <args ARG_PragmaFunction="qdma_axis&lt;WData, 0, 0, 0&gt;" ARG_PragmaIsValid="1" ARG_PragmaType="inline" ClangWarningOption="dump-hls-pragmas"/>
    </msg>
    <msg msg_groups="PRAGMA_VERBOSE_DUMP" msg_id="207-5471" msg_severity="WARNING" msg_loc="/data/Xilinx/Vitis_HLS/2021.2/common/technology/autopilot/ap_axi_sdata.h:231:9" msg_body="HLS pragma dump">
        <args ARG_PragmaFunction="operator=" ARG_PragmaIsValid="1" ARG_PragmaType="inline" ClangWarningOption="dump-hls-pragmas"/>
    </msg>
    <msg msg_groups="PRAGMA_VERBOSE_DUMP" msg_id="207-5471" msg_severity="WARNING" msg_loc="/data/Xilinx/Vitis_HLS/2021.2/common/technology/autopilot/ap_axi_sdata.h:266:9" msg_body="HLS pragma dump">
        <args ARG_PragmaFunction="empty" ARG_PragmaIsValid="1" ARG_PragmaType="inline" ClangWarningOption="dump-hls-pragmas"/>
    </msg>
    <msg msg_groups="PRAGMA_VERBOSE_DUMP" msg_id="207-5471" msg_severity="WARNING" msg_loc="/data/Xilinx/Vitis_HLS/2021.2/common/technology/autopilot/ap_axi_sdata.h:273:9" msg_body="HLS pragma dump">
        <args ARG_PragmaFunction="full" ARG_PragmaIsValid="1" ARG_PragmaType="inline" ClangWarningOption="dump-hls-pragmas"/>
    </msg>
    <msg msg_groups="PRAGMA_VERBOSE_DUMP" msg_id="207-5471" msg_severity="WARNING" msg_loc="/data/Xilinx/Vitis_HLS/2021.2/common/technology/autopilot/ap_axi_sdata.h:281:9" msg_body="HLS pragma dump">
        <args ARG_PragmaFunction="read" ARG_PragmaIsValid="1" ARG_PragmaType="inline" ClangWarningOption="dump-hls-pragmas"/>
    </msg>
    <msg msg_groups="PRAGMA_VERBOSE_DUMP" msg_id="207-5471" msg_severity="WARNING" msg_loc="/data/Xilinx/Vitis_HLS/2021.2/common/technology/autopilot/ap_axi_sdata.h:291:9" msg_body="HLS pragma dump">
        <args ARG_PragmaFunction="read" ARG_PragmaIsValid="1" ARG_PragmaType="inline" ClangWarningOption="dump-hls-pragmas"/>
    </msg>
    <msg msg_groups="PRAGMA_VERBOSE_DUMP" msg_id="207-5471" msg_severity="WARNING" msg_loc="/data/Xilinx/Vitis_HLS/2021.2/common/technology/autopilot/ap_axi_sdata.h:302:9" msg_body="HLS pragma dump">
        <args ARG_PragmaFunction="write" ARG_PragmaIsValid="1" ARG_PragmaType="inline" ClangWarningOption="dump-hls-pragmas"/>
    </msg>
    <msg msg_groups="PRAGMA_VERBOSE_DUMP" msg_id="207-5471" msg_severity="WARNING" msg_loc="/data/Xilinx/Vitis_HLS/2021.2/common/technology/autopilot/ap_axi_sdata.h:312:9" msg_body="HLS pragma dump">
        <args ARG_PragmaFunction="read_nb" ARG_PragmaIsValid="1" ARG_PragmaType="inline" ClangWarningOption="dump-hls-pragmas"/>
    </msg>
    <msg msg_groups="PRAGMA_VERBOSE_DUMP" msg_id="207-5471" msg_severity="WARNING" msg_loc="/data/Xilinx/Vitis_HLS/2021.2/common/technology/autopilot/ap_axi_sdata.h:327:9" msg_body="HLS pragma dump">
        <args ARG_PragmaFunction="write_nb" ARG_PragmaIsValid="1" ARG_PragmaType="inline" ClangWarningOption="dump-hls-pragmas"/>
    </msg>
    <msg msg_groups="PRAGMA_VERBOSE_DUMP" msg_id="207-5471" msg_severity="WARNING" msg_loc="/data/Xilinx/Vitis_HLS/2021.2/common/technology/autopilot/ap_axi_sdata.h:363:9" msg_body="HLS pragma dump">
        <args ARG_PragmaFunction="empty" ARG_PragmaIsValid="1" ARG_PragmaType="inline" ClangWarningOption="dump-hls-pragmas"/>
    </msg>
    <msg msg_groups="PRAGMA_VERBOSE_DUMP" msg_id="207-5471" msg_severity="WARNING" msg_loc="/data/Xilinx/Vitis_HLS/2021.2/common/technology/autopilot/ap_axi_sdata.h:370:9" msg_body="HLS pragma dump">
        <args ARG_PragmaFunction="full" ARG_PragmaIsValid="1" ARG_PragmaType="inline" ClangWarningOption="dump-hls-pragmas"/>
    </msg>
    <msg msg_groups="PRAGMA_VERBOSE_DUMP" msg_id="207-5471" msg_severity="WARNING" msg_loc="/data/Xilinx/Vitis_HLS/2021.2/common/technology/autopilot/ap_axi_sdata.h:378:9" msg_body="HLS pragma dump">
        <args ARG_PragmaFunction="read" ARG_PragmaIsValid="1" ARG_PragmaType="inline" ClangWarningOption="dump-hls-pragmas"/>
    </msg>
    <msg msg_groups="PRAGMA_VERBOSE_DUMP" msg_id="207-5471" msg_severity="WARNING" msg_loc="/data/Xilinx/Vitis_HLS/2021.2/common/technology/autopilot/ap_axi_sdata.h:388:9" msg_body="HLS pragma dump">
        <args ARG_PragmaFunction="read" ARG_PragmaIsValid="1" ARG_PragmaType="inline" ClangWarningOption="dump-hls-pragmas"/>
    </msg>
    <msg msg_groups="PRAGMA_VERBOSE_DUMP" msg_id="207-5471" msg_severity="WARNING" msg_loc="/data/Xilinx/Vitis_HLS/2021.2/common/technology/autopilot/ap_axi_sdata.h:399:9" msg_body="HLS pragma dump">
        <args ARG_PragmaFunction="write" ARG_PragmaIsValid="1" ARG_PragmaType="inline" ClangWarningOption="dump-hls-pragmas"/>
    </msg>
    <msg msg_groups="PRAGMA_VERBOSE_DUMP" msg_id="207-5471" msg_severity="WARNING" msg_loc="/data/Xilinx/Vitis_HLS/2021.2/common/technology/autopilot/ap_axi_sdata.h:409:9" msg_body="HLS pragma dump">
        <args ARG_PragmaFunction="read_nb" ARG_PragmaIsValid="1" ARG_PragmaType="inline" ClangWarningOption="dump-hls-pragmas"/>
    </msg>
    <msg msg_groups="PRAGMA_VERBOSE_DUMP" msg_id="207-5471" msg_severity="WARNING" msg_loc="/data/Xilinx/Vitis_HLS/2021.2/common/technology/autopilot/ap_axi_sdata.h:425:9" msg_body="HLS pragma dump">
        <args ARG_PragmaFunction="write_nb" ARG_PragmaIsValid="1" ARG_PragmaType="inline" ClangWarningOption="dump-hls-pragmas"/>
    </msg>
    <msg msg_groups="PRAGMA_VERBOSE_DUMP" msg_id="207-5471" msg_severity="WARNING" msg_loc="../frankenstein2_cmodel.cpp:31:9" msg_body="HLS pragma dump">
        <args ARG_PragmaContext="directive" ARG_PragmaFunction="frankenstein2" ARG_PragmaIsValid="1" ARG_PragmaOptions="name=frankenstein2" ARG_PragmaType="top" ClangWarningOption="dump-hls-pragmas"/>
    </msg>
    <msg msg_groups="PRAGMA_VERBOSE_DUMP" msg_id="207-5471" msg_severity="WARNING" msg_loc="../frankenstein2_cmodel.cpp:32:9" msg_body="HLS pragma dump">
        <args ARG_PragmaFunction="frankenstein2" ARG_PragmaIsValid="1" ARG_PragmaOptions="m_axi port=axi00_ptr0 offset=slave bundle=m00_axi" ARG_PragmaType="interface" ClangWarningOption="dump-hls-pragmas"/>
    </msg>
    <msg msg_groups="PRAGMA_VERBOSE_DUMP" msg_id="207-5471" msg_severity="WARNING" msg_loc="../frankenstein2_cmodel.cpp:33:9" msg_body="HLS pragma dump">
        <args ARG_PragmaFunction="frankenstein2" ARG_PragmaIsValid="1" ARG_PragmaOptions="s_axilite port=scalar00 bundle=control" ARG_PragmaType="interface" ClangWarningOption="dump-hls-pragmas"/>
    </msg>
    <msg msg_groups="PRAGMA_VERBOSE_DUMP" msg_id="207-5471" msg_severity="WARNING" msg_loc="../frankenstein2_cmodel.cpp:34:9" msg_body="HLS pragma dump">
        <args ARG_PragmaFunction="frankenstein2" ARG_PragmaIsValid="1" ARG_PragmaOptions="s_axilite port=scalar01 bundle=control" ARG_PragmaType="interface" ClangWarningOption="dump-hls-pragmas"/>
    </msg>
    <msg msg_groups="PRAGMA_VERBOSE_DUMP" msg_id="207-5471" msg_severity="WARNING" msg_loc="../frankenstein2_cmodel.cpp:35:9" msg_body="HLS pragma dump">
        <args ARG_PragmaFunction="frankenstein2" ARG_PragmaIsValid="1" ARG_PragmaOptions="s_axilite port=scalar02 bundle=control" ARG_PragmaType="interface" ClangWarningOption="dump-hls-pragmas"/>
    </msg>
    <msg msg_groups="PRAGMA_VERBOSE_DUMP" msg_id="207-5471" msg_severity="WARNING" msg_loc="../frankenstein2_cmodel.cpp:36:9" msg_body="HLS pragma dump">
        <args ARG_PragmaFunction="frankenstein2" ARG_PragmaIsValid="1" ARG_PragmaOptions="s_axilite port=axi00_ptr0 bundle=control" ARG_PragmaType="interface" ClangWarningOption="dump-hls-pragmas"/>
    </msg>
    <msg msg_groups="PRAGMA_VERBOSE_DUMP" msg_id="207-5471" msg_severity="WARNING" msg_loc="../frankenstein2_cmodel.cpp:37:9" msg_body="HLS pragma dump">
        <args ARG_PragmaFunction="frankenstein2" ARG_PragmaIsValid="1" ARG_PragmaOptions="s_axilite port=return bundle=control" ARG_PragmaType="interface" ClangWarningOption="dump-hls-pragmas"/>
    </msg>
    <msg msg_groups="PRAGMA_VERBOSE_DUMP" msg_id="207-5471" msg_severity="WARNING" msg_loc="../frankenstein2_cmodel.cpp:38:9" msg_body="HLS pragma dump">
        <args ARG_PragmaFunction="frankenstein2" ARG_PragmaIsValid="1" ARG_PragmaOptions="ap_ctrl_hs port=return" ARG_PragmaType="interface" ClangWarningOption="dump-hls-pragmas"/>
    </msg>
</xilinx:hls_fe_msgs>

