<stg><name>frankenstein2_Pipeline_VITIS_LOOP_55_1</name>


<trans_list>

<trans id="33" from="1" to="2">
<condition id="-1">
<or_exp><and_exp></and_exp></or_exp>
</condition>
</trans>
</trans_list>



<state_list>

<state id="1" st_id="2">

<operation id="5" st_id="1" stage="1" lat="1">
<core>NULL</core>
<MemPortIdVec></MemPortIdVec>
<condition id="-1">
<or_exp><and_exp></and_exp></or_exp>
</condition>

<Node id="3" bw="13" op_0_bw="32">
<![CDATA[
newFuncRoot:0 %i = alloca i32 1

]]></Node>
<StgValue><ssdm name="i"/></StgValue>
</operation>

<operation id="6" st_id="1" stage="1" lat="1">
<core>NULL</core>
<MemPortIdVec></MemPortIdVec>
<condition id="-1">
<or_exp><and_exp></and_exp></or_exp>
</condition>

<Node id="4" bw="0" op_0_bw="13" op_1_bw="13">
<![CDATA[
newFuncRoot:1 %store_ln0 = store i13 0, i13 %i

]]></Node>
<StgValue><ssdm name="store_ln0"/></StgValue>
</operation>

<operation id="7" st_id="1" stage="1" lat="1">
<core>NULL</core>
<MemPortIdVec></MemPortIdVec>
<condition id="-1">
<or_exp><and_exp></and_exp></or_exp>
</condition>

<Node id="5" bw="0" op_0_bw="0">
<![CDATA[
newFuncRoot:2 %br_ln0 = br void %memcpy-split1

]]></Node>
<StgValue><ssdm name="br_ln0"/></StgValue>
</operation>

<operation id="8" st_id="1" stage="1" lat="1">
<core>NULL</core>
<MemPortIdVec></MemPortIdVec>
<condition id="-1">
<or_exp><and_exp></and_exp></or_exp>
</condition>

<Node id="7" bw="13" op_0_bw="13" op_1_bw="0">
<![CDATA[
memcpy-split1:0 %i_1 = load i13 %i

]]></Node>
<StgValue><ssdm name="i_1"/></StgValue>
</operation>

<operation id="9" st_id="1" stage="1" lat="1">
<core>NULL</core>
<MemPortIdVec></MemPortIdVec>
<condition id="-1">
<or_exp><and_exp></and_exp></or_exp>
</condition>

<Node id="8" bw="0" op_0_bw="0" op_1_bw="32" op_2_bw="32" op_3_bw="32" op_4_bw="32" op_5_bw="0">
<![CDATA[
memcpy-split1:1 %specpipeline_ln0 = specpipeline void @_ssdm_op_SpecPipeline, i32 4294967295, i32 0, i32 1, i32 0, void @p_str

]]></Node>
<StgValue><ssdm name="specpipeline_ln0"/></StgValue>
</operation>

<operation id="10" st_id="1" stage="1" lat="1">
<core>Cmp</core>
<MemPortIdVec></MemPortIdVec>
<condition id="-1">
<or_exp><and_exp></and_exp></or_exp>
</condition>

<Node id="9" bw="1" op_0_bw="13" op_1_bw="13">
<![CDATA[
memcpy-split1:2 %icmp_ln55 = icmp_eq  i13 %i_1, i13 4096

]]></Node>
<StgValue><ssdm name="icmp_ln55"/></StgValue>
</operation>

<operation id="11" st_id="1" stage="1" lat="1">
<core>NULL</core>
<MemPortIdVec></MemPortIdVec>
<condition id="-1">
<or_exp><and_exp></and_exp></or_exp>
</condition>

<Node id="10" bw="32" op_0_bw="32" op_1_bw="64" op_2_bw="64" op_3_bw="64">
<![CDATA[
memcpy-split1:3 %empty = speclooptripcount i32 @_ssdm_op_SpecLoopTripCount, i64 4096, i64 4096, i64 4096

]]></Node>
<StgValue><ssdm name="empty"/></StgValue>
</operation>

<operation id="12" st_id="1" stage="1" lat="1">
<core>Adder</core>
<MemPortIdVec></MemPortIdVec>
<condition id="-1">
<or_exp><and_exp></and_exp></or_exp>
</condition>

<Node id="11" bw="13" op_0_bw="13" op_1_bw="13">
<![CDATA[
memcpy-split1:4 %add_ln55 = add i13 %i_1, i13 1

]]></Node>
<StgValue><ssdm name="add_ln55"/></StgValue>
</operation>

<operation id="13" st_id="1" stage="1" lat="1">
<core>NULL</core>
<MemPortIdVec></MemPortIdVec>
<condition id="-1">
<or_exp><and_exp></and_exp></or_exp>
</condition>

<Node id="12" bw="0" op_0_bw="1" op_1_bw="0" op_2_bw="0">
<![CDATA[
memcpy-split1:5 %br_ln55 = br i1 %icmp_ln55, void %.split, void %.exitStub

]]></Node>
<StgValue><ssdm name="br_ln55"/></StgValue>
</operation>

<operation id="14" st_id="1" stage="1" lat="1">
<core>NULL</core>
<MemPortIdVec></MemPortIdVec>
<condition id="-1">
<or_exp><and_exp><literal name="icmp_ln55" val="0"/>
</and_exp></or_exp>
</condition>

<Node id="14" bw="64" op_0_bw="13">
<![CDATA[
.split:0 %i_cast = zext i13 %i_1

]]></Node>
<StgValue><ssdm name="i_cast"/></StgValue>
</operation>

<operation id="15" st_id="1" stage="1" lat="1">
<core>NULL</core>
<MemPortIdVec></MemPortIdVec>
<condition id="-1">
<or_exp><and_exp><literal name="icmp_ln55" val="0"/>
</and_exp></or_exp>
</condition>

<Node id="16" bw="13" op_0_bw="32" op_1_bw="64" op_2_bw="64">
<![CDATA[
.split:2 %m00_axi_input_buffer_addr = getelementptr i32 %m00_axi_input_buffer, i64 0, i64 %i_cast

]]></Node>
<StgValue><ssdm name="m00_axi_input_buffer_addr"/></StgValue>
</operation>

<operation id="16" st_id="1" stage="2" lat="2">
<core>RAM</core>
<MemPortIdVec></MemPortIdVec>
<condition id="-1">
<or_exp><and_exp><literal name="icmp_ln55" val="0"/>
</and_exp></or_exp>
</condition>

<Node id="17" bw="32" op_0_bw="13">
<![CDATA[
.split:3 %m00_axi_input_buffer_load = load i13 %m00_axi_input_buffer_addr

]]></Node>
<StgValue><ssdm name="m00_axi_input_buffer_load"/></StgValue>
</operation>

<operation id="17" st_id="1" stage="1" lat="1">
<core>NULL</core>
<MemPortIdVec></MemPortIdVec>
<condition id="-1">
<or_exp><and_exp><literal name="icmp_ln55" val="0"/>
</and_exp></or_exp>
</condition>

<Node id="21" bw="0" op_0_bw="13" op_1_bw="13" op_2_bw="0" op_3_bw="0">
<![CDATA[
.split:7 %store_ln55 = store i13 %add_ln55, i13 %i

]]></Node>
<StgValue><ssdm name="store_ln55"/></StgValue>
</operation>

<operation id="24" st_id="1" stage="1" lat="1">
<core>NULL</core>
<MemPortIdVec></MemPortIdVec>
<condition id="-1">
<or_exp><and_exp><literal name="icmp_ln55" val="1"/>
</and_exp></or_exp>
</condition>

<Node id="24" bw="0">
<![CDATA[
.exitStub:0 %ret_ln0 = ret

]]></Node>
<StgValue><ssdm name="ret_ln0"/></StgValue>
</operation>
</state>

<state id="2" st_id="3">

<operation id="18" st_id="2" stage="1" lat="1">
<core>NULL</core>
<MemPortIdVec></MemPortIdVec>
<condition id="-1">
<or_exp><and_exp></and_exp></or_exp>
</condition>

<Node id="15" bw="0" op_0_bw="0" op_1_bw="0">
<![CDATA[
.split:1 %specloopname_ln55 = specloopname void @_ssdm_op_SpecLoopName, void @empty_13

]]></Node>
<StgValue><ssdm name="specloopname_ln55"/></StgValue>
</operation>

<operation id="19" st_id="2" stage="1" lat="2">
<core>RAM</core>
<MemPortIdVec></MemPortIdVec>
<condition id="-1">
<or_exp><and_exp></and_exp></or_exp>
</condition>

<Node id="17" bw="32" op_0_bw="13">
<![CDATA[
.split:3 %m00_axi_input_buffer_load = load i13 %m00_axi_input_buffer_addr

]]></Node>
<StgValue><ssdm name="m00_axi_input_buffer_load"/></StgValue>
</operation>

<operation id="20" st_id="2" stage="1" lat="1">
<core>Adder</core>
<MemPortIdVec></MemPortIdVec>
<condition id="-1">
<or_exp><and_exp></and_exp></or_exp>
</condition>

<Node id="18" bw="32" op_0_bw="32" op_1_bw="32">
<![CDATA[
.split:4 %add_ln56 = add i32 %m00_axi_input_buffer_load, i32 1

]]></Node>
<StgValue><ssdm name="add_ln56"/></StgValue>
</operation>

<operation id="21" st_id="2" stage="1" lat="1">
<core>NULL</core>
<MemPortIdVec></MemPortIdVec>
<condition id="-1">
<or_exp><and_exp></and_exp></or_exp>
</condition>

<Node id="19" bw="13" op_0_bw="32" op_1_bw="64" op_2_bw="64">
<![CDATA[
.split:5 %m00_axi_output_buffer_addr = getelementptr i32 %m00_axi_output_buffer, i64 0, i64 %i_cast

]]></Node>
<StgValue><ssdm name="m00_axi_output_buffer_addr"/></StgValue>
</operation>

<operation id="22" st_id="2" stage="1" lat="1">
<core>RAM</core>
<MemPortIdVec></MemPortIdVec>
<condition id="-1">
<or_exp><and_exp></and_exp></or_exp>
</condition>

<Node id="20" bw="0" op_0_bw="32" op_1_bw="13">
<![CDATA[
.split:6 %store_ln56 = store i32 %add_ln56, i13 %m00_axi_output_buffer_addr

]]></Node>
<StgValue><ssdm name="store_ln56"/></StgValue>
</operation>

<operation id="23" st_id="2" stage="1" lat="1">
<core>NULL</core>
<MemPortIdVec></MemPortIdVec>
<condition id="-1">
<or_exp><and_exp></and_exp></or_exp>
</condition>

<Node id="22" bw="0" op_0_bw="0">
<![CDATA[
.split:8 %br_ln0 = br void %memcpy-split1

]]></Node>
<StgValue><ssdm name="br_ln0"/></StgValue>
</operation>
</state>
</state_list>


<ports>
</ports>


<dataflows>
</dataflows>


</stg>
