<stg><name>frankenstein2_Pipeline_3</name>


<trans_list>

<trans id="51" from="1" to="2">
<condition id="-1">
<or_exp><and_exp></and_exp></or_exp>
</condition>
</trans>

<trans id="54" from="2" to="3">
<condition id="-1">
<or_exp><and_exp></and_exp></or_exp>
</condition>
</trans>
</trans_list>



<state_list>

<state id="1" st_id="2">

<operation id="6" st_id="1" stage="1" lat="1">
<core>NULL</core>
<MemPortIdVec></MemPortIdVec>
<condition id="-1">
<or_exp><and_exp></and_exp></or_exp>
</condition>

<Node id="4" bw="480" op_0_bw="32">
<![CDATA[
newFuncRoot:0 %shiftreg = alloca i32 1

]]></Node>
<StgValue><ssdm name="shiftreg"/></StgValue>
</operation>

<operation id="7" st_id="1" stage="1" lat="1">
<core>NULL</core>
<MemPortIdVec></MemPortIdVec>
<condition id="-1">
<or_exp><and_exp></and_exp></or_exp>
</condition>

<Node id="5" bw="13" op_0_bw="32">
<![CDATA[
newFuncRoot:1 %loop_index = alloca i32 1

]]></Node>
<StgValue><ssdm name="loop_index"/></StgValue>
</operation>

<operation id="8" st_id="1" stage="1" lat="1">
<core>NULL</core>
<MemPortIdVec></MemPortIdVec>
<condition id="-1">
<or_exp><and_exp></and_exp></or_exp>
</condition>

<Node id="6" bw="58" op_0_bw="58" op_1_bw="58">
<![CDATA[
newFuncRoot:2 %sext_ln52_read = read i58 @_ssdm_op_Read.ap_auto.i58, i58 %sext_ln52

]]></Node>
<StgValue><ssdm name="sext_ln52_read"/></StgValue>
</operation>

<operation id="9" st_id="1" stage="1" lat="1">
<core>NULL</core>
<MemPortIdVec></MemPortIdVec>
<condition id="-1">
<or_exp><and_exp></and_exp></or_exp>
</condition>

<Node id="7" bw="64" op_0_bw="58">
<![CDATA[
newFuncRoot:3 %sext_ln52_cast = sext i58 %sext_ln52_read

]]></Node>
<StgValue><ssdm name="sext_ln52_cast"/></StgValue>
</operation>

<operation id="10" st_id="1" stage="1" lat="1">
<core>NULL</core>
<MemPortIdVec></MemPortIdVec>
<condition id="-1">
<or_exp><and_exp></and_exp></or_exp>
</condition>

<Node id="8" bw="0" op_0_bw="0" op_1_bw="512" op_2_bw="0" op_3_bw="32" op_4_bw="32" op_5_bw="0" op_6_bw="32" op_7_bw="32" op_8_bw="0" op_9_bw="0" op_10_bw="0" op_11_bw="32" op_12_bw="32" op_13_bw="32" op_14_bw="32" op_15_bw="0" op_16_bw="0">
<![CDATA[
newFuncRoot:4 %specinterface_ln0 = specinterface void @_ssdm_op_SpecInterface, i512 %m00_axi, void @empty_7, i32 0, i32 0, void @empty_14, i32 64, i32 0, void @empty, void @empty_0, void @empty_14, i32 16, i32 16, i32 16, i32 16, void @empty_14, void @empty_14

]]></Node>
<StgValue><ssdm name="specinterface_ln0"/></StgValue>
</operation>

<operation id="11" st_id="1" stage="1" lat="1">
<core>NULL</core>
<MemPortIdVec></MemPortIdVec>
<condition id="-1">
<or_exp><and_exp></and_exp></or_exp>
</condition>

<Node id="9" bw="0" op_0_bw="13" op_1_bw="13">
<![CDATA[
newFuncRoot:5 %store_ln0 = store i13 0, i13 %loop_index

]]></Node>
<StgValue><ssdm name="store_ln0"/></StgValue>
</operation>

<operation id="12" st_id="1" stage="1" lat="1">
<core>NULL</core>
<MemPortIdVec></MemPortIdVec>
<condition id="-1">
<or_exp><and_exp></and_exp></or_exp>
</condition>

<Node id="10" bw="0" op_0_bw="480" op_1_bw="480">
<![CDATA[
newFuncRoot:6 %store_ln0 = store i480 0, i480 %shiftreg

]]></Node>
<StgValue><ssdm name="store_ln0"/></StgValue>
</operation>

<operation id="13" st_id="1" stage="1" lat="1">
<core>NULL</core>
<MemPortIdVec></MemPortIdVec>
<condition id="-1">
<or_exp><and_exp></and_exp></or_exp>
</condition>

<Node id="11" bw="0" op_0_bw="0">
<![CDATA[
newFuncRoot:7 %br_ln0 = br void %load-store-loop

]]></Node>
<StgValue><ssdm name="br_ln0"/></StgValue>
</operation>

<operation id="14" st_id="1" stage="1" lat="1">
<core>NULL</core>
<MemPortIdVec></MemPortIdVec>
<condition id="-1">
<or_exp><and_exp></and_exp></or_exp>
</condition>

<Node id="13" bw="13" op_0_bw="13" op_1_bw="0">
<![CDATA[
load-store-loop:0 %loop_index_load = load i13 %loop_index

]]></Node>
<StgValue><ssdm name="loop_index_load"/></StgValue>
</operation>

<operation id="15" st_id="1" stage="1" lat="1">
<core>Cmp</core>
<MemPortIdVec></MemPortIdVec>
<condition id="-1">
<or_exp><and_exp></and_exp></or_exp>
</condition>

<Node id="17" bw="1" op_0_bw="13" op_1_bw="13">
<![CDATA[
load-store-loop:4 %exitcond3 = icmp_eq  i13 %loop_index_load, i13 4096

]]></Node>
<StgValue><ssdm name="exitcond3"/></StgValue>
</operation>

<operation id="16" st_id="1" stage="1" lat="1">
<core>Adder</core>
<MemPortIdVec></MemPortIdVec>
<condition id="-1">
<or_exp><and_exp></and_exp></or_exp>
</condition>

<Node id="19" bw="13" op_0_bw="13" op_1_bw="13">
<![CDATA[
load-store-loop:6 %empty_24 = add i13 %loop_index_load, i13 1

]]></Node>
<StgValue><ssdm name="empty_24"/></StgValue>
</operation>

<operation id="17" st_id="1" stage="1" lat="1">
<core>NULL</core>
<MemPortIdVec></MemPortIdVec>
<condition id="-1">
<or_exp><and_exp></and_exp></or_exp>
</condition>

<Node id="20" bw="0" op_0_bw="1" op_1_bw="0" op_2_bw="0">
<![CDATA[
load-store-loop:7 %br_ln0 = br i1 %exitcond3, void %load-store-loop.split, void %memcpy-split.exitStub

]]></Node>
<StgValue><ssdm name="br_ln0"/></StgValue>
</operation>

<operation id="18" st_id="1" stage="1" lat="1">
<core>NULL</core>
<MemPortIdVec></MemPortIdVec>
<condition id="-1">
<or_exp><and_exp><literal name="exitcond3" val="0"/>
</and_exp></or_exp>
</condition>

<Node id="23" bw="64" op_0_bw="13">
<![CDATA[
load-store-loop.split:1 %loop_index_cast3 = zext i13 %loop_index_load

]]></Node>
<StgValue><ssdm name="loop_index_cast3"/></StgValue>
</operation>

<operation id="19" st_id="1" stage="1" lat="1">
<core>NULL</core>
<MemPortIdVec></MemPortIdVec>
<condition id="-1">
<or_exp><and_exp><literal name="exitcond3" val="0"/>
</and_exp></or_exp>
</condition>

<Node id="24" bw="4" op_0_bw="13">
<![CDATA[
load-store-loop.split:2 %empty_26 = trunc i13 %loop_index_load

]]></Node>
<StgValue><ssdm name="empty_26"/></StgValue>
</operation>

<operation id="20" st_id="1" stage="1" lat="1">
<core>NULL</core>
<MemPortIdVec></MemPortIdVec>
<condition id="-1">
<or_exp><and_exp><literal name="exitcond3" val="0"/>
</and_exp></or_exp>
</condition>

<Node id="25" bw="13" op_0_bw="32" op_1_bw="64" op_2_bw="64">
<![CDATA[
load-store-loop.split:3 %m00_axi_output_buffer_addr = getelementptr i32 %m00_axi_output_buffer, i64 0, i64 %loop_index_cast3

]]></Node>
<StgValue><ssdm name="m00_axi_output_buffer_addr"/></StgValue>
</operation>

<operation id="21" st_id="1" stage="2" lat="2">
<core>RAM</core>
<MemPortIdVec>0 </MemPortIdVec>
<condition id="-1">
<or_exp><and_exp><literal name="exitcond3" val="0"/>
</and_exp></or_exp>
</condition>

<Node id="26" bw="32" op_0_bw="13">
<![CDATA[
load-store-loop.split:4 %m00_axi_output_buffer_load = load i13 %m00_axi_output_buffer_addr

]]></Node>
<StgValue><ssdm name="m00_axi_output_buffer_load"/></StgValue>
</operation>

<operation id="22" st_id="1" stage="1" lat="1">
<core>Cmp</core>
<MemPortIdVec></MemPortIdVec>
<condition id="-1">
<or_exp><and_exp><literal name="exitcond3" val="0"/>
</and_exp></or_exp>
</condition>

<Node id="27" bw="1" op_0_bw="4" op_1_bw="4">
<![CDATA[
load-store-loop.split:5 %empty_27 = icmp_eq  i4 %empty_26, i4 15

]]></Node>
<StgValue><ssdm name="empty_27"/></StgValue>
</operation>

<operation id="23" st_id="1" stage="1" lat="1">
<core>NULL</core>
<MemPortIdVec></MemPortIdVec>
<condition id="-1">
<or_exp><and_exp><literal name="exitcond3" val="0"/>
</and_exp></or_exp>
</condition>

<Node id="29" bw="0" op_0_bw="1" op_1_bw="0" op_2_bw="0">
<![CDATA[
load-store-loop.split:7 %br_ln0 = br i1 %empty_27, void %load-store-loop.split._crit_edge, void

]]></Node>
<StgValue><ssdm name="br_ln0"/></StgValue>
</operation>

<operation id="24" st_id="1" stage="1" lat="1">
<core>NULL</core>
<MemPortIdVec></MemPortIdVec>
<condition id="-1">
<or_exp><and_exp><literal name="exitcond3" val="0"/>
</and_exp></or_exp>
</condition>

<Node id="38" bw="0" op_0_bw="13" op_1_bw="13" op_2_bw="0" op_3_bw="0">
<![CDATA[
load-store-loop.split._crit_edge:4 %store_ln0 = store i13 %empty_24, i13 %loop_index

]]></Node>
<StgValue><ssdm name="store_ln0"/></StgValue>
</operation>
</state>

<state id="2" st_id="3">

<operation id="25" st_id="2" stage="1" lat="1">
<core>NULL</core>
<MemPortIdVec></MemPortIdVec>
<condition id="-1">
<or_exp><and_exp></and_exp></or_exp>
</condition>

<Node id="14" bw="0" op_0_bw="0" op_1_bw="512">
<![CDATA[
load-store-loop:1 %specbitsmap_ln0 = specbitsmap void @_ssdm_op_SpecBitsMap, i512 %m00_axi

]]></Node>
<StgValue><ssdm name="specbitsmap_ln0"/></StgValue>
</operation>

<operation id="26" st_id="2" stage="1" lat="1">
<core>NULL</core>
<MemPortIdVec></MemPortIdVec>
<condition id="-1">
<or_exp><and_exp></and_exp></or_exp>
</condition>

<Node id="15" bw="64" op_0_bw="64" op_1_bw="64">
<![CDATA[
load-store-loop:2 %m00_axi_addr = getelementptr i512 %m00_axi, i64 %sext_ln52_cast

]]></Node>
<StgValue><ssdm name="m00_axi_addr"/></StgValue>
</operation>

<operation id="27" st_id="2" stage="1" lat="1">
<core>NULL</core>
<MemPortIdVec></MemPortIdVec>
<condition id="-1">
<or_exp><and_exp></and_exp></or_exp>
</condition>

<Node id="16" bw="0" op_0_bw="0" op_1_bw="32" op_2_bw="32" op_3_bw="32" op_4_bw="32" op_5_bw="0">
<![CDATA[
load-store-loop:3 %specpipeline_ln0 = specpipeline void @_ssdm_op_SpecPipeline, i32 4294967295, i32 0, i32 1, i32 0, void @p_str

]]></Node>
<StgValue><ssdm name="specpipeline_ln0"/></StgValue>
</operation>

<operation id="28" st_id="2" stage="1" lat="1">
<core>NULL</core>
<MemPortIdVec></MemPortIdVec>
<condition id="-1">
<or_exp><and_exp></and_exp></or_exp>
</condition>

<Node id="18" bw="32" op_0_bw="32" op_1_bw="64" op_2_bw="64" op_3_bw="64">
<![CDATA[
load-store-loop:5 %empty = speclooptripcount i32 @_ssdm_op_SpecLoopTripCount, i64 4096, i64 4096, i64 4096

]]></Node>
<StgValue><ssdm name="empty"/></StgValue>
</operation>

<operation id="29" st_id="2" stage="1" lat="2">
<core>RAM</core>
<MemPortIdVec>0 </MemPortIdVec>
<condition id="-1">
<or_exp><and_exp><literal name="exitcond3" val="0"/>
</and_exp></or_exp>
</condition>

<Node id="26" bw="32" op_0_bw="13">
<![CDATA[
load-store-loop.split:4 %m00_axi_output_buffer_load = load i13 %m00_axi_output_buffer_addr

]]></Node>
<StgValue><ssdm name="m00_axi_output_buffer_load"/></StgValue>
</operation>

<operation id="40" st_id="2" stage="1" lat="1">
<core>NULL</core>
<MemPortIdVec></MemPortIdVec>
<condition id="-1">
<or_exp><and_exp><literal name="exitcond3" val="1"/>
</and_exp></or_exp>
</condition>

<Node id="42" bw="0">
<![CDATA[
memcpy-split.exitStub:0 %ret_ln0 = ret

]]></Node>
<StgValue><ssdm name="ret_ln0"/></StgValue>
</operation>
</state>

<state id="3" st_id="4">

<operation id="30" st_id="3" stage="1" lat="1">
<core>NULL</core>
<MemPortIdVec></MemPortIdVec>
<condition id="-1">
<or_exp><and_exp></and_exp></or_exp>
</condition>

<Node id="22" bw="480" op_0_bw="480" op_1_bw="0">
<![CDATA[
load-store-loop.split:0 %shiftreg_load_1 = load i480 %shiftreg

]]></Node>
<StgValue><ssdm name="shiftreg_load_1"/></StgValue>
</operation>

<operation id="31" st_id="3" stage="1" lat="1">
<core>NULL</core>
<MemPortIdVec></MemPortIdVec>
<condition id="-1">
<or_exp><and_exp></and_exp></or_exp>
</condition>

<Node id="28" bw="512" op_0_bw="512" op_1_bw="32" op_2_bw="480">
<![CDATA[
load-store-loop.split:6 %tmp = bitconcatenate i512 @_ssdm_op_BitConcatenate.i512.i32.i480, i32 %m00_axi_output_buffer_load, i480 %shiftreg_load_1

]]></Node>
<StgValue><ssdm name="tmp"/></StgValue>
</operation>

<operation id="32" st_id="3" stage="1" lat="1">
<core>m_axi</core>
<MemPortIdVec></MemPortIdVec>
<condition id="-1">
<or_exp><and_exp><literal name="empty_27" val="1"/>
</and_exp></or_exp>
</condition>

<Node id="31" bw="0" op_0_bw="0" op_1_bw="512" op_2_bw="512" op_3_bw="64">
<![CDATA[
:0 %write_ln52 = write void @_ssdm_op_Write.m_axi.p1i512, i64 %m00_axi_addr, i512 %tmp, i64 18446744073709551615

]]></Node>
<StgValue><ssdm name="write_ln52"/></StgValue>
</operation>

<operation id="33" st_id="3" stage="1" lat="1">
<core>NULL</core>
<MemPortIdVec></MemPortIdVec>
<condition id="-1">
<or_exp><and_exp><literal name="empty_27" val="1"/>
</and_exp></or_exp>
</condition>

<Node id="32" bw="0" op_0_bw="0">
<![CDATA[
:1 %br_ln0 = br void %load-store-loop.split._crit_edge

]]></Node>
<StgValue><ssdm name="br_ln0"/></StgValue>
</operation>

<operation id="34" st_id="3" stage="1" lat="1">
<core>NULL</core>
<MemPortIdVec></MemPortIdVec>
<condition id="-1">
<or_exp><and_exp><literal name="empty_27" val="0"/>
</and_exp></or_exp>
</condition>

<Node id="34" bw="480" op_0_bw="480" op_1_bw="0">
<![CDATA[
load-store-loop.split._crit_edge:0 %shiftreg_load = load i480 %shiftreg

]]></Node>
<StgValue><ssdm name="shiftreg_load"/></StgValue>
</operation>

<operation id="35" st_id="3" stage="1" lat="1">
<core>NULL</core>
<MemPortIdVec></MemPortIdVec>
<condition id="-1">
<or_exp><and_exp><literal name="empty_27" val="0"/>
</and_exp></or_exp>
</condition>

<Node id="35" bw="448" op_0_bw="448" op_1_bw="480" op_2_bw="32" op_3_bw="32">
<![CDATA[
load-store-loop.split._crit_edge:1 %tmp_1 = partselect i448 @_ssdm_op_PartSelect.i448.i480.i32.i32, i480 %shiftreg_load, i32 32, i32 479

]]></Node>
<StgValue><ssdm name="tmp_1"/></StgValue>
</operation>

<operation id="36" st_id="3" stage="1" lat="1">
<core>NULL</core>
<MemPortIdVec></MemPortIdVec>
<condition id="-1">
<or_exp><and_exp><literal name="empty_27" val="0"/>
</and_exp></or_exp>
</condition>

<Node id="36" bw="480" op_0_bw="480" op_1_bw="32" op_2_bw="448">
<![CDATA[
load-store-loop.split._crit_edge:2 %tmp_2 = bitconcatenate i480 @_ssdm_op_BitConcatenate.i480.i32.i448, i32 %m00_axi_output_buffer_load, i448 %tmp_1

]]></Node>
<StgValue><ssdm name="tmp_2"/></StgValue>
</operation>

<operation id="37" st_id="3" stage="1" lat="1">
<core>Sel</core>
<MemPortIdVec></MemPortIdVec>
<condition id="-1">
<or_exp><and_exp></and_exp></or_exp>
</condition>

<Node id="37" bw="480" op_0_bw="1" op_1_bw="480" op_2_bw="480">
<![CDATA[
load-store-loop.split._crit_edge:3 %empty_25 = select i1 %empty_27, i480 0, i480 %tmp_2

]]></Node>
<StgValue><ssdm name="empty_25"/></StgValue>
</operation>

<operation id="38" st_id="3" stage="1" lat="1">
<core>NULL</core>
<MemPortIdVec></MemPortIdVec>
<condition id="-1">
<or_exp><and_exp></and_exp></or_exp>
</condition>

<Node id="39" bw="0" op_0_bw="480" op_1_bw="480" op_2_bw="0" op_3_bw="0" op_4_bw="0">
<![CDATA[
load-store-loop.split._crit_edge:5 %store_ln0 = store i480 %empty_25, i480 %shiftreg

]]></Node>
<StgValue><ssdm name="store_ln0"/></StgValue>
</operation>

<operation id="39" st_id="3" stage="1" lat="1">
<core>NULL</core>
<MemPortIdVec></MemPortIdVec>
<condition id="-1">
<or_exp><and_exp></and_exp></or_exp>
</condition>

<Node id="40" bw="0" op_0_bw="0">
<![CDATA[
load-store-loop.split._crit_edge:6 %br_ln0 = br void %load-store-loop

]]></Node>
<StgValue><ssdm name="br_ln0"/></StgValue>
</operation>
</state>
</state_list>


<ports>
<port id="55" name="m00_axi" dir="1" iftype="4">
<core>NULL</core><StgValue><ssdm name="m00_axi"/></StgValue>
</port>
<port id="56" name="sext_ln52" dir="0" iftype="0">
<core>NULL</core><StgValue><ssdm name="sext_ln52"/></StgValue>
</port>
<port id="57" name="m00_axi_output_buffer" dir="0" iftype="1">
<core>RAM</core><StgValue><ssdm name="m00_axi_output_buffer"/><MemPortTyVec>1 3 </MemPortTyVec>
</StgValue>
</port>
</ports>


<dataflows>
<dataflow id="59" from="StgValue_58" to="shiftreg" fromId="58" toId="6">
</dataflow>
<dataflow id="60" from="StgValue_58" to="loop_index" fromId="58" toId="7">
</dataflow>
<dataflow id="62" from="_ssdm_op_Read.ap_auto.i58" to="sext_ln52_read" fromId="61" toId="8">
</dataflow>
<dataflow id="63" from="sext_ln52" to="sext_ln52_read" fromId="56" toId="8">
</dataflow>
<dataflow id="64" from="sext_ln52_read" to="sext_ln52_cast" fromId="8" toId="9">
</dataflow>
<dataflow id="66" from="_ssdm_op_SpecInterface" to="specinterface_ln0" fromId="65" toId="10">
</dataflow>
<dataflow id="67" from="m00_axi" to="specinterface_ln0" fromId="55" toId="10">
</dataflow>
<dataflow id="69" from="empty_7" to="specinterface_ln0" fromId="68" toId="10">
</dataflow>
<dataflow id="71" from="StgValue_70" to="specinterface_ln0" fromId="70" toId="10">
</dataflow>
<dataflow id="72" from="StgValue_70" to="specinterface_ln0" fromId="70" toId="10">
</dataflow>
<dataflow id="74" from="empty_14" to="specinterface_ln0" fromId="73" toId="10">
</dataflow>
<dataflow id="76" from="StgValue_75" to="specinterface_ln0" fromId="75" toId="10">
</dataflow>
<dataflow id="77" from="StgValue_70" to="specinterface_ln0" fromId="70" toId="10">
</dataflow>
<dataflow id="79" from="empty" to="specinterface_ln0" fromId="78" toId="10">
</dataflow>
<dataflow id="81" from="empty_0" to="specinterface_ln0" fromId="80" toId="10">
</dataflow>
<dataflow id="82" from="empty_14" to="specinterface_ln0" fromId="73" toId="10">
</dataflow>
<dataflow id="84" from="StgValue_83" to="specinterface_ln0" fromId="83" toId="10">
</dataflow>
<dataflow id="85" from="StgValue_83" to="specinterface_ln0" fromId="83" toId="10">
</dataflow>
<dataflow id="86" from="StgValue_83" to="specinterface_ln0" fromId="83" toId="10">
</dataflow>
<dataflow id="87" from="StgValue_83" to="specinterface_ln0" fromId="83" toId="10">
</dataflow>
<dataflow id="88" from="empty_14" to="specinterface_ln0" fromId="73" toId="10">
</dataflow>
<dataflow id="89" from="empty_14" to="specinterface_ln0" fromId="73" toId="10">
</dataflow>
<dataflow id="91" from="StgValue_90" to="store_ln0" fromId="90" toId="11">
</dataflow>
<dataflow id="92" from="loop_index" to="store_ln0" fromId="7" toId="11">
</dataflow>
<dataflow id="94" from="StgValue_93" to="store_ln0" fromId="93" toId="12">
</dataflow>
<dataflow id="95" from="shiftreg" to="store_ln0" fromId="6" toId="12">
</dataflow>
<dataflow id="96" from="loop_index" to="loop_index_load" fromId="7" toId="14">
</dataflow>
<dataflow id="97" from="loop_index_load" to="exitcond3" fromId="14" toId="15">
</dataflow>
<dataflow id="99" from="StgValue_98" to="exitcond3" fromId="98" toId="15">
</dataflow>
<dataflow id="100" from="loop_index_load" to="empty_24" fromId="14" toId="16">
</dataflow>
<dataflow id="102" from="StgValue_101" to="empty_24" fromId="101" toId="16">
</dataflow>
<dataflow id="103" from="exitcond3" to="br_ln0" fromId="15" toId="17">
</dataflow>
<dataflow id="104" from="loop_index_load" to="loop_index_cast3" fromId="14" toId="18">
</dataflow>
<dataflow id="105" from="loop_index_load" to="empty_26" fromId="14" toId="19">
</dataflow>
<dataflow id="106" from="m00_axi_output_buffer" to="m00_axi_output_buffer_addr" fromId="57" toId="20">
</dataflow>
<dataflow id="108" from="StgValue_107" to="m00_axi_output_buffer_addr" fromId="107" toId="20">
</dataflow>
<dataflow id="109" from="loop_index_cast3" to="m00_axi_output_buffer_addr" fromId="18" toId="20">
</dataflow>
<dataflow id="110" from="m00_axi_output_buffer_addr" to="m00_axi_output_buffer_load" fromId="20" toId="21">
</dataflow>
<dataflow id="111" from="empty_26" to="empty_27" fromId="19" toId="22">
</dataflow>
<dataflow id="113" from="StgValue_112" to="empty_27" fromId="112" toId="22">
</dataflow>
<dataflow id="114" from="empty_27" to="br_ln0" fromId="22" toId="23">
</dataflow>
<dataflow id="115" from="empty_24" to="store_ln0" fromId="16" toId="24">
</dataflow>
<dataflow id="116" from="loop_index" to="store_ln0" fromId="7" toId="24">
</dataflow>
<dataflow id="118" from="_ssdm_op_SpecBitsMap" to="specbitsmap_ln0" fromId="117" toId="25">
</dataflow>
<dataflow id="119" from="m00_axi" to="specbitsmap_ln0" fromId="55" toId="25">
</dataflow>
<dataflow id="120" from="m00_axi" to="m00_axi_addr" fromId="55" toId="26">
</dataflow>
<dataflow id="121" from="sext_ln52_cast" to="m00_axi_addr" fromId="9" toId="26">
</dataflow>
<dataflow id="123" from="_ssdm_op_SpecPipeline" to="specpipeline_ln0" fromId="122" toId="27">
</dataflow>
<dataflow id="125" from="StgValue_124" to="specpipeline_ln0" fromId="124" toId="27">
</dataflow>
<dataflow id="126" from="StgValue_70" to="specpipeline_ln0" fromId="70" toId="27">
</dataflow>
<dataflow id="127" from="StgValue_58" to="specpipeline_ln0" fromId="58" toId="27">
</dataflow>
<dataflow id="128" from="StgValue_70" to="specpipeline_ln0" fromId="70" toId="27">
</dataflow>
<dataflow id="130" from="p_str" to="specpipeline_ln0" fromId="129" toId="27">
</dataflow>
<dataflow id="132" from="_ssdm_op_SpecLoopTripCount" to="empty" fromId="131" toId="28">
</dataflow>
<dataflow id="134" from="StgValue_133" to="empty" fromId="133" toId="28">
</dataflow>
<dataflow id="135" from="StgValue_133" to="empty" fromId="133" toId="28">
</dataflow>
<dataflow id="136" from="StgValue_133" to="empty" fromId="133" toId="28">
</dataflow>
<dataflow id="137" from="m00_axi_output_buffer_addr" to="m00_axi_output_buffer_load" fromId="20" toId="29">
</dataflow>
<dataflow id="138" from="shiftreg" to="shiftreg_load_1" fromId="6" toId="30">
</dataflow>
<dataflow id="140" from="_ssdm_op_BitConcatenate.i512.i32.i480" to="tmp" fromId="139" toId="31">
</dataflow>
<dataflow id="141" from="m00_axi_output_buffer_load" to="tmp" fromId="29" toId="31">
</dataflow>
<dataflow id="142" from="shiftreg_load_1" to="tmp" fromId="30" toId="31">
</dataflow>
<dataflow id="144" from="_ssdm_op_Write.m_axi.p1i512" to="write_ln52" fromId="143" toId="32">
</dataflow>
<dataflow id="145" from="m00_axi_addr" to="write_ln52" fromId="26" toId="32">
</dataflow>
<dataflow id="146" from="tmp" to="write_ln52" fromId="31" toId="32">
</dataflow>
<dataflow id="148" from="StgValue_147" to="write_ln52" fromId="147" toId="32">
</dataflow>
<dataflow id="149" from="shiftreg" to="shiftreg_load" fromId="6" toId="34">
</dataflow>
<dataflow id="151" from="_ssdm_op_PartSelect.i448.i480.i32.i32" to="tmp_1" fromId="150" toId="35">
</dataflow>
<dataflow id="152" from="shiftreg_load" to="tmp_1" fromId="34" toId="35">
</dataflow>
<dataflow id="154" from="StgValue_153" to="tmp_1" fromId="153" toId="35">
</dataflow>
<dataflow id="156" from="StgValue_155" to="tmp_1" fromId="155" toId="35">
</dataflow>
<dataflow id="158" from="_ssdm_op_BitConcatenate.i480.i32.i448" to="tmp_2" fromId="157" toId="36">
</dataflow>
<dataflow id="159" from="m00_axi_output_buffer_load" to="tmp_2" fromId="29" toId="36">
</dataflow>
<dataflow id="160" from="tmp_1" to="tmp_2" fromId="35" toId="36">
</dataflow>
<dataflow id="161" from="empty_27" to="empty_25" fromId="22" toId="37">
</dataflow>
<dataflow id="162" from="StgValue_93" to="empty_25" fromId="93" toId="37">
</dataflow>
<dataflow id="163" from="tmp_2" to="empty_25" fromId="36" toId="37">
</dataflow>
<dataflow id="164" from="empty_25" to="store_ln0" fromId="37" toId="38">
</dataflow>
<dataflow id="165" from="shiftreg" to="store_ln0" fromId="6" toId="38">
</dataflow>
<dataflow id="166" from="exitcond3" to="StgValue_2" fromId="15" toId="2">
</dataflow>
<dataflow id="167" from="exitcond3" to="StgValue_3" fromId="15" toId="3">
</dataflow>
<dataflow id="168" from="empty_27" to="StgValue_4" fromId="22" toId="4">
</dataflow>
</dataflows>


</stg>
